<?xml version = '1.0' encoding = 'UTF-8'?>
<FKIndexAssociation class="oracle.dbtools.crest.model.design.relational.FKIndexAssociation" directorySegmentName="seg_0" id="0BF65297-335D-7461-A2E2-59E4D04D81EA" containerWithKeyObject="5DF69136-5E83-7B98-BA3F-3BAC1FD482C1" localFKIndex="7D8E9387-C931-626A-73DA-A139CCABB20B" name="CURSO_ESPACIO_FK">
<createdBy>nicolas</createdBy>
<createdTime>2024-10-05 03:51:35 UTC</createdTime>
<generatorID>60C0A833-F090-BBE4-3D6C-1DA78EB4EFB8</generatorID>
<ownerDesignName>EFT</ownerDesignName>
<referredTableLongName>ESPACIO</referredTableLongName>
<deleteRule>NO ACTION</deleteRule>
<referredTableID>A0E8BDED-5EE1-008B-88AA-822C64538193</referredTableID>
<keyObject>8EE8442E-A7FF-3022-ADE9-DAF13CC90F10</keyObject>
<referredKeyID>8EE8442E-A7FF-3022-ADE9-DAF13CC90F10</referredKeyID>
<mandatory>true</mandatory>
<refColNames>id_espacio</refColNames>
<transferable>true</transferable>
<rely>false</rely>
<columnDependencyConstraintGenerateInDDL>true</columnDependencyConstraintGenerateInDDL>
</FKIndexAssociation>