<?xml version = '1.0' encoding = 'UTF-8'?>
<FKIndexAssociation class="oracle.dbtools.crest.model.design.relational.FKIndexAssociation" directorySegmentName="seg_0" id="0CCF36F1-79F7-CBE0-1AE9-BEE50203F2FC" containerWithKeyObject="E609E620-3CF0-F92E-80A3-6EE68D796577" localFKIndex="F2CA429D-96B2-9224-DBDC-9D86C8165146" name="CUENTA_ACADEMIA_FK">
<createdBy>nicolas</createdBy>
<createdTime>2024-10-05 03:51:35 UTC</createdTime>
<generatorID>44FC29CB-BF66-D11E-268A-7DD8380AF8BC</generatorID>
<ownerDesignName>EFT</ownerDesignName>
<referredTableLongName>ACADEMIA</referredTableLongName>
<deleteRule>NO ACTION</deleteRule>
<referredTableID>8E6D9795-970F-1807-CB4D-2116A3AC1FC2</referredTableID>
<keyObject>FA3FB0B3-34F2-3EAD-5FFE-377A23AC20F6</keyObject>
<referredKeyID>FA3FB0B3-34F2-3EAD-5FFE-377A23AC20F6</referredKeyID>
<mandatory>true</mandatory>
<refColNames>id_academia</refColNames>
<transferable>true</transferable>
<rely>false</rely>
<columnDependencyConstraintGenerateInDDL>true</columnDependencyConstraintGenerateInDDL>
</FKIndexAssociation>