<?xml version = '1.0' encoding = 'UTF-8'?>
<FKIndexAssociation class="oracle.dbtools.crest.model.design.relational.FKIndexAssociation" directorySegmentName="seg_0" id="17AF3D1B-8EF1-6AB2-89BE-41E8D4907D27" containerWithKeyObject="C3C5D172-CF02-D3D7-6E35-C6DECF0EBBC8" localFKIndex="AE4CDCB0-2875-69C0-1223-8DE9470BD290" name="POSTULACION_PROGRAMA_FK">
<createdBy>nicolas</createdBy>
<createdTime>2024-10-05 03:51:35 UTC</createdTime>
<generatorID>4F1C3B8F-CDE6-A2BF-BC40-857D7689CA76</generatorID>
<ownerDesignName>EFT</ownerDesignName>
<referredTableLongName>PROGRAMA</referredTableLongName>
<deleteRule>NO ACTION</deleteRule>
<referredTableID>08CAED53-A4E7-5125-96B4-CA609E81AFB4</referredTableID>
<keyObject>F44826E9-AACA-AA43-3CDB-622AADB180E5</keyObject>
<referredKeyID>F44826E9-AACA-AA43-3CDB-622AADB180E5</referredKeyID>
<mandatory>true</mandatory>
<refColNames>id_programa</refColNames>
<transferable>true</transferable>
<rely>false</rely>
<columnDependencyConstraintGenerateInDDL>true</columnDependencyConstraintGenerateInDDL>
</FKIndexAssociation>