<?xml version = '1.0' encoding = 'UTF-8'?>
<FKIndexAssociation class="oracle.dbtools.crest.model.design.relational.FKIndexAssociation" directorySegmentName="seg_0" id="23A3BD3B-452C-316B-365F-FF760A7A3BF2" containerWithKeyObject="C3C5D172-CF02-D3D7-6E35-C6DECF0EBBC8" localFKIndex="8F4E0C34-1505-0A8C-0B22-125642DA6246" name="POSTULACION_ACADEMIA_FK">
<createdBy>nicolas</createdBy>
<createdTime>2024-10-05 03:51:35 UTC</createdTime>
<generatorID>4F1C3B8F-CDE6-A2BF-BC40-857D7689CA76</generatorID>
<ownerDesignName>EFT</ownerDesignName>
<referredTableLongName>ACADEMIA</referredTableLongName>
<deleteRule>NO ACTION</deleteRule>
<referredTableID>8E6D9795-970F-1807-CB4D-2116A3AC1FC2</referredTableID>
<keyObject>FA3FB0B3-34F2-3EAD-5FFE-377A23AC20F6</keyObject>
<referredKeyID>FA3FB0B3-34F2-3EAD-5FFE-377A23AC20F6</referredKeyID>
<mandatory>true</mandatory>
<refColNames>id_academia</refColNames>
<transferable>true</transferable>
<rely>false</rely>
<columnDependencyConstraintGenerateInDDL>true</columnDependencyConstraintGenerateInDDL>
</FKIndexAssociation>