<?xml version = '1.0' encoding = 'UTF-8'?>
<FKIndexAssociation class="oracle.dbtools.crest.model.design.relational.FKIndexAssociation" directorySegmentName="seg_0" id="3846CAB6-616A-04CC-4E65-6024EB096ECC" containerWithKeyObject="8E045596-7094-0103-1AE5-8731D3BB03F6" localFKIndex="B79566A6-D63A-CAC9-B968-A6B70A03D031" name="PROF_PLANTA_PROFESOR_FK">
<createdBy>nicolas</createdBy>
<createdTime>2024-10-05 03:51:35 UTC</createdTime>
<generatorID>0D898662-619F-52AB-6F4D-E0E65FCE610E</generatorID>
<ownerDesignName>EFT</ownerDesignName>
<referredTableLongName>PROFESOR</referredTableLongName>
<arc>079BC636-0DEF-0E54-43C7-1E029DACFA87</arc>
<deleteRule>NO ACTION</deleteRule>
<referredTableID>9459D6E7-6023-0960-2742-71FBAE658C52</referredTableID>
<keyObject>2580C32E-8DA9-BACB-FDA4-A2353291B227</keyObject>
<referredKeyID>2580C32E-8DA9-BACB-FDA4-A2353291B227</referredKeyID>
<mandatory>true</mandatory>
<refColNames>id_profesor</refColNames>
<transferable>true</transferable>
<rely>false</rely>
<discriminatorValue>P</discriminatorValue>
<columnDependencyConstraintGenerateInDDL>true</columnDependencyConstraintGenerateInDDL>
</FKIndexAssociation>