<?xml version = '1.0' encoding = 'UTF-8'?>
<FKIndexAssociation class="oracle.dbtools.crest.model.design.relational.FKIndexAssociation" directorySegmentName="seg_0" id="4055E2AD-DBC9-262F-F580-A07733457D28" containerWithKeyObject="8E6D9795-970F-1807-CB4D-2116A3AC1FC2" localFKIndex="6D08B509-4A3F-D29A-082D-22919A9B1067" name="ACADEMIA_DIRECTOR_FK">
<createdBy>nicolas</createdBy>
<createdTime>2024-10-05 03:51:35 UTC</createdTime>
<generatorID>42399874-CA76-6477-4DC9-5131270FE98F</generatorID>
<ownerDesignName>EFT</ownerDesignName>
<referredTableLongName>DIRECTOR</referredTableLongName>
<deleteRule>NO ACTION</deleteRule>
<referredTableID>655EB6EA-0C89-ADA6-3C50-8FB7E6C90BB1</referredTableID>
<keyObject>DC196096-08F3-4B83-88F9-53B50A0788F5</keyObject>
<referredKeyID>DC196096-08F3-4B83-88F9-53B50A0788F5</referredKeyID>
<mandatory>true</mandatory>
<refColNames>id_director</refColNames>
<transferable>true</transferable>
<rely>false</rely>
<columnDependencyConstraintGenerateInDDL>true</columnDependencyConstraintGenerateInDDL>
</FKIndexAssociation>