<?xml version = '1.0' encoding = 'UTF-8'?>
<FKIndexAssociation class="oracle.dbtools.crest.model.design.relational.FKIndexAssociation" directorySegmentName="seg_0" id="616F467F-96EC-3027-15BC-515673CDC5D0" containerWithKeyObject="3C0CBADB-CB3E-A140-F486-7CCDFC10B5A6" localFKIndex="52E8A035-949D-3A79-5C9B-854C89A52B32" name="CONTRATO_PROFESOR_FK">
<createdBy>nicolas</createdBy>
<createdTime>2024-10-05 03:51:35 UTC</createdTime>
<generatorID>4835AD31-62AD-2C73-A1B4-8143766E0A51</generatorID>
<ownerDesignName>EFT</ownerDesignName>
<referredTableLongName>PROFESOR</referredTableLongName>
<deleteRule>NO ACTION</deleteRule>
<referredTableID>9459D6E7-6023-0960-2742-71FBAE658C52</referredTableID>
<keyObject>2580C32E-8DA9-BACB-FDA4-A2353291B227</keyObject>
<referredKeyID>2580C32E-8DA9-BACB-FDA4-A2353291B227</referredKeyID>
<mandatory>true</mandatory>
<refColNames>id_profesor</refColNames>
<transferable>true</transferable>
<rely>false</rely>
<columnDependencyConstraintGenerateInDDL>true</columnDependencyConstraintGenerateInDDL>
</FKIndexAssociation>