<?xml version = '1.0' encoding = 'UTF-8'?>
<FKIndexAssociation class="oracle.dbtools.crest.model.design.relational.FKIndexAssociation" directorySegmentName="seg_0" id="7220ADCB-FF28-8728-1E4B-E59E00F16471" containerWithKeyObject="CCD3CE38-F6C3-A1C2-258F-2C3F7B7E211E" localFKIndex="27EA74BF-73BD-2932-0A53-C31C79EBF7FD" name="PROF_HONORARIO_PROFESOR_FK">
<createdBy>nicolas</createdBy>
<createdTime>2024-10-05 03:51:35 UTC</createdTime>
<generatorID>EDB9008A-08A0-400B-E075-CF842785E748</generatorID>
<ownerDesignName>EFT</ownerDesignName>
<referredTableLongName>PROFESOR</referredTableLongName>
<arc>079BC636-0DEF-0E54-43C7-1E029DACFA87</arc>
<deleteRule>NO ACTION</deleteRule>
<referredTableID>9459D6E7-6023-0960-2742-71FBAE658C52</referredTableID>
<keyObject>2580C32E-8DA9-BACB-FDA4-A2353291B227</keyObject>
<referredKeyID>2580C32E-8DA9-BACB-FDA4-A2353291B227</referredKeyID>
<mandatory>true</mandatory>
<refColNames>id_profesor</refColNames>
<transferable>true</transferable>
<rely>false</rely>
<discriminatorValue>H</discriminatorValue>
<columnDependencyConstraintGenerateInDDL>true</columnDependencyConstraintGenerateInDDL>
</FKIndexAssociation>