<?xml version = '1.0' encoding = 'UTF-8'?>
<FKIndexAssociation class="oracle.dbtools.crest.model.design.relational.FKIndexAssociation" directorySegmentName="seg_0" id="7E9B74F0-6B38-3C8D-7119-FED2C76E9CAE" containerWithKeyObject="3C0CBADB-CB3E-A140-F486-7CCDFC10B5A6" localFKIndex="2C7A2188-8A0B-BA7E-0305-53E84440060C" name="CONTRATO_ACADEMIA_FK">
<createdBy>nicolas</createdBy>
<createdTime>2024-10-05 03:51:35 UTC</createdTime>
<generatorID>4835AD31-62AD-2C73-A1B4-8143766E0A51</generatorID>
<ownerDesignName>EFT</ownerDesignName>
<referredTableLongName>ACADEMIA</referredTableLongName>
<deleteRule>NO ACTION</deleteRule>
<referredTableID>8E6D9795-970F-1807-CB4D-2116A3AC1FC2</referredTableID>
<keyObject>FA3FB0B3-34F2-3EAD-5FFE-377A23AC20F6</keyObject>
<referredKeyID>FA3FB0B3-34F2-3EAD-5FFE-377A23AC20F6</referredKeyID>
<mandatory>true</mandatory>
<refColNames>id_academia</refColNames>
<transferable>true</transferable>
<rely>false</rely>
<columnDependencyConstraintGenerateInDDL>true</columnDependencyConstraintGenerateInDDL>
</FKIndexAssociation>