<?xml version = '1.0' encoding = 'UTF-8'?>
<FKIndexAssociation class="oracle.dbtools.crest.model.design.relational.FKIndexAssociation" directorySegmentName="seg_0" id="7F0CAA67-2BFC-589A-5C10-4FA106A9EA6B" containerWithKeyObject="8E6D9795-970F-1807-CB4D-2116A3AC1FC2" localFKIndex="E1BF8481-5B56-D7EE-B1E2-288C66D82DD9" name="ACADEMIA_COMUNA_FK">
<createdBy>nicolas</createdBy>
<createdTime>2024-10-05 03:51:35 UTC</createdTime>
<generatorID>CAA77231-7693-2FED-8865-4CC38E3C8842</generatorID>
<ownerDesignName>EFT</ownerDesignName>
<referredTableLongName>COMUNA</referredTableLongName>
<deleteRule>NO ACTION</deleteRule>
<referredTableID>05FC8A34-0CB5-4596-0463-4B0CCCCEBC4B</referredTableID>
<keyObject>70421ED5-D7FC-71FE-F064-540EF1A500DB</keyObject>
<referredKeyID>70421ED5-D7FC-71FE-F064-540EF1A500DB</referredKeyID>
<mandatory>true</mandatory>
<refColNames>id_comuna</refColNames>
<transferable>true</transferable>
<rely>false</rely>
<columnDependencyConstraintGenerateInDDL>true</columnDependencyConstraintGenerateInDDL>
</FKIndexAssociation>