<?xml version = '1.0' encoding = 'UTF-8'?>
<FKIndexAssociation class="oracle.dbtools.crest.model.design.relational.FKIndexAssociation" directorySegmentName="seg_0" id="8514A820-849A-2DC0-502A-45163D63B9AD" containerWithKeyObject="5DF69136-5E83-7B98-BA3F-3BAC1FD482C1" localFKIndex="6E1363A1-A735-1D86-851A-E78A09021B17" name="CURSO_PROFESOR_FK">
<createdBy>nicolas</createdBy>
<createdTime>2024-10-05 03:51:35 UTC</createdTime>
<generatorID>869779BC-152C-81F6-B1E3-AB8276750420</generatorID>
<ownerDesignName>EFT</ownerDesignName>
<referredTableLongName>PROFESOR</referredTableLongName>
<deleteRule>NO ACTION</deleteRule>
<referredTableID>9459D6E7-6023-0960-2742-71FBAE658C52</referredTableID>
<keyObject>2580C32E-8DA9-BACB-FDA4-A2353291B227</keyObject>
<referredKeyID>2580C32E-8DA9-BACB-FDA4-A2353291B227</referredKeyID>
<mandatory>true</mandatory>
<refColNames>id_profesor</refColNames>
<transferable>true</transferable>
<rely>false</rely>
<columnDependencyConstraintGenerateInDDL>true</columnDependencyConstraintGenerateInDDL>
</FKIndexAssociation>