<?xml version = '1.0' encoding = 'UTF-8'?>
<FKIndexAssociation class="oracle.dbtools.crest.model.design.relational.FKIndexAssociation" directorySegmentName="seg_0" id="9E9FB883-4730-5F06-58FA-118DA374E8C0" containerWithKeyObject="2535A3A5-31AE-1181-8D73-57C6BA6D897C" localFKIndex="CBBE8915-F17E-FD7E-B0A6-6B83B23FDAD6" name="HORARIO_CURSO_FK">
<createdBy>nicolas</createdBy>
<createdTime>2024-10-05 03:51:35 UTC</createdTime>
<generatorID>44FD3BE4-ACED-4A75-6696-3B674548C834</generatorID>
<ownerDesignName>EFT</ownerDesignName>
<referredTableLongName>CURSO</referredTableLongName>
<deleteRule>NO ACTION</deleteRule>
<referredTableID>5DF69136-5E83-7B98-BA3F-3BAC1FD482C1</referredTableID>
<keyObject>A1FC2BDD-769E-CD0F-8AC3-764F9CD1FDC8</keyObject>
<referredKeyID>A1FC2BDD-769E-CD0F-8AC3-764F9CD1FDC8</referredKeyID>
<mandatory>true</mandatory>
<refColNames>id_curso</refColNames>
<transferable>true</transferable>
<rely>false</rely>
<columnDependencyConstraintGenerateInDDL>true</columnDependencyConstraintGenerateInDDL>
</FKIndexAssociation>