<?xml version = '1.0' encoding = 'UTF-8'?>
<FKIndexAssociation class="oracle.dbtools.crest.model.design.relational.FKIndexAssociation" directorySegmentName="seg_0" id="A165926D-D132-C74E-7A7D-E039F34AE83D" containerWithKeyObject="655EB6EA-0C89-ADA6-3C50-8FB7E6C90BB1" localFKIndex="F189D851-7928-5B82-001D-355C994E2ABF" name="DIRECTOR_ACADEMIA_FK">
<createdBy>nicolas</createdBy>
<createdTime>2024-10-05 03:51:35 UTC</createdTime>
<generatorID>42399874-CA76-6477-4DC9-5131270FE98F</generatorID>
<ownerDesignName>EFT</ownerDesignName>
<referredTableLongName>ACADEMIA</referredTableLongName>
<deleteRule>NO ACTION</deleteRule>
<referredTableID>8E6D9795-970F-1807-CB4D-2116A3AC1FC2</referredTableID>
<keyObject>FA3FB0B3-34F2-3EAD-5FFE-377A23AC20F6</keyObject>
<referredKeyID>FA3FB0B3-34F2-3EAD-5FFE-377A23AC20F6</referredKeyID>
<mandatory>true</mandatory>
<refColNames>id_academia</refColNames>
<transferable>true</transferable>
<rely>false</rely>
<columnDependencyConstraintGenerateInDDL>true</columnDependencyConstraintGenerateInDDL>
</FKIndexAssociation>