<?xml version = '1.0' encoding = 'UTF-8'?>
<FKIndexAssociation class="oracle.dbtools.crest.model.design.relational.FKIndexAssociation" directorySegmentName="seg_0" id="AA1C7E15-F8A5-CBC6-0764-DD6D9015FE05" containerWithKeyObject="A0E8BDED-5EE1-008B-88AA-822C64538193" localFKIndex="F2055965-C9C1-F9BC-8E51-4510EE4EBEBB" name="ESPACIO_MUNICIPALIDAD_FK">
<createdBy>nicolas</createdBy>
<createdTime>2024-10-05 03:51:35 UTC</createdTime>
<generatorID>E6A514C7-06D7-00D3-F8F4-38CB6D0CFC5C</generatorID>
<ownerDesignName>EFT</ownerDesignName>
<referredTableLongName>MUNICIPALIDAD</referredTableLongName>
<deleteRule>NO ACTION</deleteRule>
<referredTableID>FDC6773F-30C4-7A28-6229-D53BF3F0D317</referredTableID>
<keyObject>1854291A-0225-BCCA-7853-48E613305F6B</keyObject>
<referredKeyID>1854291A-0225-BCCA-7853-48E613305F6B</referredKeyID>
<mandatory>true</mandatory>
<refColNames>id_muni</refColNames>
<transferable>true</transferable>
<rely>false</rely>
<columnDependencyConstraintGenerateInDDL>true</columnDependencyConstraintGenerateInDDL>
</FKIndexAssociation>