<?xml version = '1.0' encoding = 'UTF-8'?>
<FKIndexAssociation class="oracle.dbtools.crest.model.design.relational.FKIndexAssociation" directorySegmentName="seg_0" id="B53EB8AF-84C2-376F-2BFA-CA235DD7C665" containerWithKeyObject="05FC8A34-0CB5-4596-0463-4B0CCCCEBC4B" localFKIndex="641C1193-B6CC-7B8D-CF0B-F32DE82F8E62" name="COMUNA_MUNICIPALIDAD_FK">
<createdBy>nicolas</createdBy>
<createdTime>2024-10-05 03:51:35 UTC</createdTime>
<generatorID>2FD42EF4-6D5F-2A65-4D71-8842DE48F09E</generatorID>
<ownerDesignName>EFT</ownerDesignName>
<referredTableLongName>MUNICIPALIDAD</referredTableLongName>
<deleteRule>NO ACTION</deleteRule>
<referredTableID>FDC6773F-30C4-7A28-6229-D53BF3F0D317</referredTableID>
<keyObject>1854291A-0225-BCCA-7853-48E613305F6B</keyObject>
<referredKeyID>1854291A-0225-BCCA-7853-48E613305F6B</referredKeyID>
<mandatory>true</mandatory>
<refColNames>id_muni</refColNames>
<transferable>true</transferable>
<rely>false</rely>
<columnDependencyConstraintGenerateInDDL>true</columnDependencyConstraintGenerateInDDL>
</FKIndexAssociation>