<?xml version = '1.0' encoding = 'UTF-8'?>
<FKIndexAssociation class="oracle.dbtools.crest.model.design.relational.FKIndexAssociation" directorySegmentName="seg_0" id="BA59A5B5-F0CD-43A8-4FFC-DA1EA89D7F8E" containerWithKeyObject="2535A3A5-31AE-1181-8D73-57C6BA6D897C" localFKIndex="C3F1774C-9B7B-1934-0E6A-E1EDF3C18FA6" name="HORARIO_TURNO_FK">
<createdBy>nicolas</createdBy>
<createdTime>2024-10-05 03:51:35 UTC</createdTime>
<generatorID>44FD3BE4-ACED-4A75-6696-3B674548C834</generatorID>
<ownerDesignName>EFT</ownerDesignName>
<referredTableLongName>TURNO</referredTableLongName>
<deleteRule>NO ACTION</deleteRule>
<referredTableID>A016B2ED-9155-F767-1270-F1559A07FC3E</referredTableID>
<keyObject>EC388F0B-899D-C15E-6845-EAA117297C69</keyObject>
<referredKeyID>EC388F0B-899D-C15E-6845-EAA117297C69</referredKeyID>
<mandatory>true</mandatory>
<refColNames>id_turno</refColNames>
<transferable>true</transferable>
<rely>false</rely>
<columnDependencyConstraintGenerateInDDL>true</columnDependencyConstraintGenerateInDDL>
</FKIndexAssociation>