<?xml version = '1.0' encoding = 'UTF-8'?>
<FKIndexAssociation class="oracle.dbtools.crest.model.design.relational.FKIndexAssociation" directorySegmentName="seg_0" id="BE5F817B-1869-4B9D-793A-9D6BBF708546" containerWithKeyObject="FDC6773F-30C4-7A28-6229-D53BF3F0D317" localFKIndex="E498D93B-9CC2-896F-0B10-8D717286DC54" name="MUNICIPALIDAD_COMUNA_FK">
<createdBy>nicolas</createdBy>
<createdTime>2024-10-05 03:51:35 UTC</createdTime>
<generatorID>2FD42EF4-6D5F-2A65-4D71-8842DE48F09E</generatorID>
<ownerDesignName>EFT</ownerDesignName>
<referredTableLongName>COMUNA</referredTableLongName>
<deleteRule>NO ACTION</deleteRule>
<referredTableID>05FC8A34-0CB5-4596-0463-4B0CCCCEBC4B</referredTableID>
<keyObject>70421ED5-D7FC-71FE-F064-540EF1A500DB</keyObject>
<referredKeyID>70421ED5-D7FC-71FE-F064-540EF1A500DB</referredKeyID>
<mandatory>true</mandatory>
<refColNames>id_comuna</refColNames>
<transferable>true</transferable>
<rely>false</rely>
<columnDependencyConstraintGenerateInDDL>true</columnDependencyConstraintGenerateInDDL>
</FKIndexAssociation>