<?xml version = '1.0' encoding = 'UTF-8'?>
<FKIndexAssociation class="oracle.dbtools.crest.model.design.relational.FKIndexAssociation" directorySegmentName="seg_0" id="C2895135-DD20-848D-2719-2A6C7309185D" containerWithKeyObject="5DF69136-5E83-7B98-BA3F-3BAC1FD482C1" localFKIndex="B0C0C6B5-6668-BB1C-5ECF-3DC45720C274" name="CURSO_ACADEMIA_FK">
<createdBy>nicolas</createdBy>
<createdTime>2024-10-05 03:51:35 UTC</createdTime>
<generatorID>CA7349AD-6D4F-7F6F-764E-19346EA6AA2A</generatorID>
<ownerDesignName>EFT</ownerDesignName>
<referredTableLongName>ACADEMIA</referredTableLongName>
<deleteRule>NO ACTION</deleteRule>
<referredTableID>8E6D9795-970F-1807-CB4D-2116A3AC1FC2</referredTableID>
<keyObject>FA3FB0B3-34F2-3EAD-5FFE-377A23AC20F6</keyObject>
<referredKeyID>FA3FB0B3-34F2-3EAD-5FFE-377A23AC20F6</referredKeyID>
<mandatory>true</mandatory>
<refColNames>id_academia</refColNames>
<transferable>true</transferable>
<rely>false</rely>
<columnDependencyConstraintGenerateInDDL>true</columnDependencyConstraintGenerateInDDL>
</FKIndexAssociation>