<?xml version = '1.0' encoding = 'UTF-8'?>
<FKIndexAssociation class="oracle.dbtools.crest.model.design.relational.FKIndexAssociation" directorySegmentName="seg_0" id="C4946A0D-7275-0FED-316A-39BD3B6D63B9" containerWithKeyObject="05FC8A34-0CB5-4596-0463-4B0CCCCEBC4B" localFKIndex="6E0D87E6-E6A9-F7AC-F57C-C57911DC9FDD" name="COMUNA_REGION_FK">
<createdBy>nicolas</createdBy>
<createdTime>2024-10-05 03:51:35 UTC</createdTime>
<generatorID>A69F81CA-6BE0-A4B6-8D6E-E3051451FC5D</generatorID>
<ownerDesignName>EFT</ownerDesignName>
<referredTableLongName>REGION</referredTableLongName>
<deleteRule>NO ACTION</deleteRule>
<referredTableID>843FBEFA-2D3E-92D2-0FAC-F04F26BEC5EA</referredTableID>
<keyObject>2F056D0F-CDBD-F0A6-0C4E-9AC291DA9D9E</keyObject>
<referredKeyID>2F056D0F-CDBD-F0A6-0C4E-9AC291DA9D9E</referredKeyID>
<mandatory>true</mandatory>
<refColNames>id_region</refColNames>
<transferable>true</transferable>
<rely>false</rely>
<columnDependencyConstraintGenerateInDDL>true</columnDependencyConstraintGenerateInDDL>
</FKIndexAssociation>