<?xml version = '1.0' encoding = 'UTF-8'?>
<FKIndexAssociation class="oracle.dbtools.crest.model.design.relational.FKIndexAssociation" directorySegmentName="seg_0" id="C863EBE3-FBF2-FE85-82E2-F510FF26C004" containerWithKeyObject="E609E620-3CF0-F92E-80A3-6EE68D796577" localFKIndex="F63130C9-5788-A715-1CB4-09BBE07F69C5" name="CUENTA_BANCO_FK">
<createdBy>nicolas</createdBy>
<createdTime>2024-10-05 03:51:35 UTC</createdTime>
<generatorID>B6CAFB1F-2F8A-0F6E-BF73-0EB7BBD22F2F</generatorID>
<ownerDesignName>EFT</ownerDesignName>
<referredTableLongName>BANCO</referredTableLongName>
<deleteRule>NO ACTION</deleteRule>
<referredTableID>364717DB-D276-55C3-5DC8-7A5096162132</referredTableID>
<keyObject>4D06CEE4-AF45-F0B2-0AB4-156498BD6AA9</keyObject>
<referredKeyID>4D06CEE4-AF45-F0B2-0AB4-156498BD6AA9</referredKeyID>
<mandatory>true</mandatory>
<refColNames>id_banco</refColNames>
<transferable>true</transferable>
<rely>false</rely>
<columnDependencyConstraintGenerateInDDL>true</columnDependencyConstraintGenerateInDDL>
</FKIndexAssociation>