<?xml version = '1.0' encoding = 'UTF-8'?>
<Table class="oracle.dbtools.crest.model.design.relational.Table" directorySegmentName="seg_0" id="05FC8A34-0CB5-4596-0463-4B0CCCCEBC4B" name="COMUNA">
<createdBy>nicolas</createdBy>
<createdTime>2024-10-05 03:51:35 UTC</createdTime>
<generatorID>DD3A44C3-3049-8B33-13BB-0D583026A1B6</generatorID>
<ownerDesignName>EFT</ownerDesignName>
<allowColumnReorder>false</allowColumnReorder>
<existDependencyGenerateInDDl>true</existDependencyGenerateInDDl>
<parsed>true</parsed>
<columns itemClass="oracle.dbtools.crest.model.design.relational.Column">
<Column name="id_comuna" id="0FEF2929-E547-0590-AB87-DE69B6E4A695">
<createdBy>nicolas</createdBy>
<createdTime>2024-10-05 03:51:35 UTC</createdTime>
<generatorID>D4BDBB99-FF9C-9F2D-2715-F7DC0F50807B</generatorID>
<ownerDesignName>EFT</ownerDesignName>
<useDomainConstraints>false</useDomainConstraints>
<use>1</use>
<logicalDatatype>LOGDT025</logicalDatatype>
<dataTypeSize>5 BYTE</dataTypeSize>
<ownDataTypeParameters>5 BYTE,,</ownDataTypeParameters>
<autoIncrementCycle>false</autoIncrementCycle>
</Column>
<Column name="nombre" id="91A0C799-20C7-4B04-6B66-829E7ABF9626">
<createdBy>nicolas</createdBy>
<createdTime>2024-10-05 03:51:35 UTC</createdTime>
<generatorID>10ABE021-14FE-3DA5-C1D8-F9C646035E02</generatorID>
<ownerDesignName>EFT</ownerDesignName>
<useDomainConstraints>false</useDomainConstraints>
<use>1</use>
<logicalDatatype>LOGDT024</logicalDatatype>
<dataTypeSize>25 BYTE</dataTypeSize>
<ownDataTypeParameters>25 BYTE,,</ownDataTypeParameters>
<autoIncrementCycle>false</autoIncrementCycle>
</Column>
<Column name="REGION_id_region" id="BBC9E82A-199F-7F13-82D4-BAC52543BD85">
<createdBy>nicolas</createdBy>
<createdTime>2024-10-05 03:51:35 UTC</createdTime>
<generatorID>336B8181-40C9-0E4B-E213-D3950665A7D6</generatorID>
<ownerDesignName>EFT</ownerDesignName>
<useDomainConstraints>false</useDomainConstraints>
<use>1</use>
<logicalDatatype>LOGDT025</logicalDatatype>
<dataTypeSize>5 BYTE</dataTypeSize>
<ownDataTypeParameters>,,</ownDataTypeParameters>
<previousColumn>false</previousColumn>
<autoIncrementCycle>false</autoIncrementCycle>
<associations>
<colAssociation fkAssociation="C4946A0D-7275-0FED-316A-39BD3B6D63B9" referredColumn="165FE3E9-AB90-7F72-4744-E3BC84814C4F"/>
</associations>
</Column>
<Column name="MUNICIPALIDAD_id_muni" id="96A15FD8-7779-7EFE-B0A4-7175535453E6">
<createdBy>nicolas</createdBy>
<createdTime>2024-10-05 03:51:35 UTC</createdTime>
<generatorID>65C52990-432E-2DF9-32FD-5494987DDCFD</generatorID>
<ownerDesignName>EFT</ownerDesignName>
<useDomainConstraints>false</useDomainConstraints>
<use>1</use>
<logicalDatatype>LOGDT025</logicalDatatype>
<dataTypeSize>5 BYTE</dataTypeSize>
<ownDataTypeParameters>,,</ownDataTypeParameters>
<previousColumn>false</previousColumn>
<autoIncrementCycle>false</autoIncrementCycle>
<associations>
<colAssociation fkAssociation="B53EB8AF-84C2-376F-2BFA-CA235DD7C665" referredColumn="390CA01A-596C-39A9-0C31-74A7B0166A62"/>
</associations>
</Column>
</columns>
<indexes itemClass="oracle.dbtools.crest.model.design.relational.Index">
<ind_PK_UK id="70421ED5-D7FC-71FE-F064-540EF1A500DB" name="COMUNA_PK">
<createdBy>nicolas</createdBy>
<createdTime>2024-10-05 03:51:35 UTC</createdTime>
<generatorID>C3733307-5555-494A-5064-330CDFDB1DA7</generatorID>
<ownerDesignName>EFT</ownerDesignName>
<pk>true</pk>
<indexState>Primary Constraint</indexState>
<isSurrogateKey>false</isSurrogateKey>
<indexColumnUsage>
<colUsage columnID="0FEF2929-E547-0590-AB87-DE69B6E4A695"/>
</indexColumnUsage>
</ind_PK_UK>
<ind_PK_UK id="F279B5BD-0099-6FA9-95DF-1E1E14A448C2" name="COMUNA__IDX">
<createdBy>nicolas</createdBy>
<createdTime>2024-10-05 03:51:35 UTC</createdTime>
<ownerDesignName>EFT</ownerDesignName>
<indexState>Unique Plain Index</indexState>
<isSurrogateKey>false</isSurrogateKey>
<relationGeneratorID>2FD42EF4-6D5F-2A65-4D71-8842DE48F09E</relationGeneratorID>
<indexColumnUsage>
<colUsage columnID="96A15FD8-7779-7EFE-B0A4-7175535453E6"/>
</indexColumnUsage>
</ind_PK_UK>
<ind_PK_UK id="641C1193-B6CC-7B8D-CF0B-F32DE82F8E62" name="COMUNA_MUNICIPALIDAD_FK">
<createdBy>nicolas</createdBy>
<createdTime>2024-10-05 03:51:35 UTC</createdTime>
<generatorID>2FD42EF4-6D5F-2A65-4D71-8842DE48F09E</generatorID>
<ownerDesignName>EFT</ownerDesignName>
<indexState>Foreign Key</indexState>
<isSurrogateKey>false</isSurrogateKey>
<indexColumnUsage>
<colUsage columnID="96A15FD8-7779-7EFE-B0A4-7175535453E6"/>
</indexColumnUsage>
</ind_PK_UK>
<ind_PK_UK id="6E0D87E6-E6A9-F7AC-F57C-C57911DC9FDD" name="COMUNA_REGION_FK">
<createdBy>nicolas</createdBy>
<createdTime>2024-10-05 03:51:35 UTC</createdTime>
<generatorID>A69F81CA-6BE0-A4B6-8D6E-E3051451FC5D</generatorID>
<ownerDesignName>EFT</ownerDesignName>
<indexState>Foreign Key</indexState>
<isSurrogateKey>false</isSurrogateKey>
<indexColumnUsage>
<colUsage columnID="BBC9E82A-199F-7F13-82D4-BAC52543BD85"/>
</indexColumnUsage>
</ind_PK_UK>
</indexes>
</Table>