<?xml version = '1.0' encoding = 'UTF-8'?>
<Table class="oracle.dbtools.crest.model.design.relational.Table" directorySegmentName="seg_0" id="2535A3A5-31AE-1181-8D73-57C6BA6D897C" name="HORARIO">
<createdBy>nicolas</createdBy>
<createdTime>2024-10-05 03:51:35 UTC</createdTime>
<ownerDesignName>EFT</ownerDesignName>
<allowColumnReorder>false</allowColumnReorder>
<existDependencyGenerateInDDl>true</existDependencyGenerateInDDl>
<parsed>true</parsed>
<columns itemClass="oracle.dbtools.crest.model.design.relational.Column">
<Column name="CURSO_id_curso" id="75F113F5-7066-5955-28F7-25F98106C6A9">
<createdBy>nicolas</createdBy>
<createdTime>2024-10-05 03:51:35 UTC</createdTime>
<ownerDesignName>EFT</ownerDesignName>
<useDomainConstraints>false</useDomainConstraints>
<use>1</use>
<logicalDatatype>LOGDT025</logicalDatatype>
<dataTypeSize>5 BYTE</dataTypeSize>
<ownDataTypeParameters>,,</ownDataTypeParameters>
<previousColumn>false</previousColumn>
<autoIncrementCycle>false</autoIncrementCycle>
<associations>
<colAssociation fkAssociation="9E9FB883-4730-5F06-58FA-118DA374E8C0" referredColumn="60A8CDC0-3731-81D9-EE8E-680F5A62AD09"/>
</associations>
</Column>
<Column name="TURNO_id_turno" id="2E912B9B-9F12-A3A0-430D-4894B1F27693">
<createdBy>nicolas</createdBy>
<createdTime>2024-10-05 03:51:35 UTC</createdTime>
<ownerDesignName>EFT</ownerDesignName>
<useDomainConstraints>false</useDomainConstraints>
<use>1</use>
<logicalDatatype>LOGDT025</logicalDatatype>
<dataTypeSize>5 BYTE</dataTypeSize>
<ownDataTypeParameters>,,</ownDataTypeParameters>
<previousColumn>false</previousColumn>
<autoIncrementCycle>false</autoIncrementCycle>
<associations>
<colAssociation fkAssociation="BA59A5B5-F0CD-43A8-4FFC-DA1EA89D7F8E" referredColumn="FEDFB622-ECAB-526C-128E-7C6133B86043"/>
</associations>
</Column>
<Column name="horario_inicio" id="B9FB0FEB-9D0F-3E7D-76E7-1189EC45DEB8">
<createdBy>nicolas</createdBy>
<createdTime>2024-10-05 03:51:35 UTC</createdTime>
<generatorID>E044D798-A427-D72F-1764-A08DC3599FD3</generatorID>
<ownerDesignName>EFT</ownerDesignName>
<useDomainConstraints>false</useDomainConstraints>
<use>1</use>
<logicalDatatype>LOGDT014</logicalDatatype>
<ownDataTypeParameters>,,</ownDataTypeParameters>
<autoIncrementCycle>false</autoIncrementCycle>
<isRelationshipColumn>true</isRelationshipColumn>
<isDependOnFK_AsMandatory>true</isDependOnFK_AsMandatory>
</Column>
<Column name="horario_fin" id="76CEFFA8-107C-5EB7-7E3B-8667E09260F4">
<createdBy>nicolas</createdBy>
<createdTime>2024-10-05 03:51:35 UTC</createdTime>
<generatorID>AAD67D6E-F03A-98F5-E7C2-304045731B48</generatorID>
<ownerDesignName>EFT</ownerDesignName>
<useDomainConstraints>false</useDomainConstraints>
<use>1</use>
<logicalDatatype>LOGDT014</logicalDatatype>
<ownDataTypeParameters>,,</ownDataTypeParameters>
<autoIncrementCycle>false</autoIncrementCycle>
<isRelationshipColumn>true</isRelationshipColumn>
<isDependOnFK_AsMandatory>true</isDependOnFK_AsMandatory>
</Column>
</columns>
<indexes itemClass="oracle.dbtools.crest.model.design.relational.Index">
<ind_PK_UK id="2069DD56-C16A-5155-C643-6FE5B83623C9" name="HORARIO_PK">
<createdBy>nicolas</createdBy>
<createdTime>2024-10-05 03:51:35 UTC</createdTime>
<ownerDesignName>EFT</ownerDesignName>
<pk>true</pk>
<indexState>Primary Constraint</indexState>
<isSurrogateKey>false</isSurrogateKey>
<indexColumnUsage>
<colUsage columnID="75F113F5-7066-5955-28F7-25F98106C6A9"/>
<colUsage columnID="2E912B9B-9F12-A3A0-430D-4894B1F27693"/>
</indexColumnUsage>
</ind_PK_UK>
<ind_PK_UK id="CBBE8915-F17E-FD7E-B0A6-6B83B23FDAD6" name="HORARIO_CURSO_FK">
<createdBy>nicolas</createdBy>
<createdTime>2024-10-05 03:51:35 UTC</createdTime>
<generatorID>44FD3BE4-ACED-4A75-6696-3B674548C834</generatorID>
<ownerDesignName>EFT</ownerDesignName>
<indexState>Foreign Key</indexState>
<isSurrogateKey>false</isSurrogateKey>
<indexColumnUsage>
<colUsage columnID="75F113F5-7066-5955-28F7-25F98106C6A9"/>
</indexColumnUsage>
</ind_PK_UK>
<ind_PK_UK id="C3F1774C-9B7B-1934-0E6A-E1EDF3C18FA6" name="HORARIO_TURNO_FK">
<createdBy>nicolas</createdBy>
<createdTime>2024-10-05 03:51:35 UTC</createdTime>
<generatorID>44FD3BE4-ACED-4A75-6696-3B674548C834</generatorID>
<ownerDesignName>EFT</ownerDesignName>
<indexState>Foreign Key</indexState>
<isSurrogateKey>false</isSurrogateKey>
<indexColumnUsage>
<colUsage columnID="2E912B9B-9F12-A3A0-430D-4894B1F27693"/>
</indexColumnUsage>
</ind_PK_UK>
</indexes>
</Table>