<?xml version = '1.0' encoding = 'UTF-8'?>
<Table class="oracle.dbtools.crest.model.design.relational.Table" directorySegmentName="seg_0" id="3C0CBADB-CB3E-A140-F486-7CCDFC10B5A6" name="CONTRATO">
<createdBy>nicolas</createdBy>
<createdTime>2024-10-05 03:51:35 UTC</createdTime>
<ownerDesignName>EFT</ownerDesignName>
<allowColumnReorder>false</allowColumnReorder>
<existDependencyGenerateInDDl>true</existDependencyGenerateInDDl>
<parsed>true</parsed>
<columns itemClass="oracle.dbtools.crest.model.design.relational.Column">
<Column name="PROFESOR_id_profesor" id="0719C2D0-8C1E-A10F-D924-04302C71A7DA">
<createdBy>nicolas</createdBy>
<createdTime>2024-10-05 03:51:35 UTC</createdTime>
<ownerDesignName>EFT</ownerDesignName>
<useDomainConstraints>false</useDomainConstraints>
<use>1</use>
<logicalDatatype>LOGDT025</logicalDatatype>
<dataTypeSize>5 BYTE</dataTypeSize>
<ownDataTypeParameters>,,</ownDataTypeParameters>
<previousColumn>false</previousColumn>
<autoIncrementCycle>false</autoIncrementCycle>
<associations>
<colAssociation fkAssociation="616F467F-96EC-3027-15BC-515673CDC5D0" referredColumn="AB0954CA-090F-4D4A-B27F-2CE6E0EC2AAF"/>
</associations>
</Column>
<Column name="ACADEMIA_id_academia" id="51CF79EC-B80F-F17A-5D0D-08D80701D2D4">
<createdBy>nicolas</createdBy>
<createdTime>2024-10-05 03:51:35 UTC</createdTime>
<ownerDesignName>EFT</ownerDesignName>
<useDomainConstraints>false</useDomainConstraints>
<use>1</use>
<logicalDatatype>LOGDT025</logicalDatatype>
<dataTypeSize>5 BYTE</dataTypeSize>
<ownDataTypeParameters>,,</ownDataTypeParameters>
<previousColumn>false</previousColumn>
<autoIncrementCycle>false</autoIncrementCycle>
<associations>
<colAssociation fkAssociation="7E9B74F0-6B38-3C8D-7119-FED2C76E9CAE" referredColumn="D85918E3-742B-2F39-9031-6550CD3C80A5"/>
</associations>
</Column>
<Column name="tipo" id="95FB49FF-B8D4-E41D-A6CE-4AD30FCC4B99">
<createdBy>nicolas</createdBy>
<createdTime>2024-10-05 03:51:35 UTC</createdTime>
<generatorID>0B7B016F-1A3E-67BF-4714-00B7AB771753</generatorID>
<ownerDesignName>EFT</ownerDesignName>
<useDomainConstraints>false</useDomainConstraints>
<use>1</use>
<logicalDatatype>LOGDT025</logicalDatatype>
<dataTypeSize>1 BYTE</dataTypeSize>
<listOfValues>
<valueDef value="D" description="Diurno"/>
<valueDef value="V" description="Vespertino"/>
</listOfValues>
<ownDataTypeParameters>1 BYTE,,</ownDataTypeParameters>
<autoIncrementCycle>false</autoIncrementCycle>
<isRelationshipColumn>true</isRelationshipColumn>
<isDependOnFK_AsMandatory>true</isDependOnFK_AsMandatory>
</Column>
<Column name="fecha_inicio" id="E6385F30-4351-DF3A-F3D7-C2928DCCA1F8">
<createdBy>nicolas</createdBy>
<createdTime>2024-10-05 03:51:35 UTC</createdTime>
<generatorID>32640166-FC12-DD96-A925-5B18E1404983</generatorID>
<ownerDesignName>EFT</ownerDesignName>
<useDomainConstraints>false</useDomainConstraints>
<use>1</use>
<logicalDatatype>LOGDT007</logicalDatatype>
<ownDataTypeParameters>,,</ownDataTypeParameters>
<autoIncrementCycle>false</autoIncrementCycle>
<isRelationshipColumn>true</isRelationshipColumn>
<isDependOnFK_AsMandatory>true</isDependOnFK_AsMandatory>
</Column>
<Column name="estado" id="C3A7EA67-7F64-3414-6C70-076AAAAE13D8">
<createdBy>nicolas</createdBy>
<createdTime>2024-10-05 03:51:35 UTC</createdTime>
<generatorID>31DDA3B6-FD5F-54B7-3CB7-B6FA840B5C67</generatorID>
<ownerDesignName>EFT</ownerDesignName>
<constraintName>restriccion_estado</constraintName>
<useDomainConstraints>false</useDomainConstraints>
<use>1</use>
<logicalDatatype>LOGDT025</logicalDatatype>
<dataTypeSize>1 BYTE</dataTypeSize>
<listOfValues>
<valueDef value="A" description="Activo"/>
<valueDef value="I" description="Inactivo"/>
</listOfValues>
<ownDataTypeParameters>1 BYTE,,</ownDataTypeParameters>
<autoIncrementCycle>false</autoIncrementCycle>
<isRelationshipColumn>true</isRelationshipColumn>
<isDependOnFK_AsMandatory>true</isDependOnFK_AsMandatory>
</Column>
</columns>
<indexes itemClass="oracle.dbtools.crest.model.design.relational.Index">
<ind_PK_UK id="0D3C5D91-C131-BCAE-69E3-84311A018C79" name="CONTRATO_PK">
<createdBy>nicolas</createdBy>
<createdTime>2024-10-05 03:51:35 UTC</createdTime>
<ownerDesignName>EFT</ownerDesignName>
<pk>true</pk>
<indexState>Primary Constraint</indexState>
<isSurrogateKey>false</isSurrogateKey>
<indexColumnUsage>
<colUsage columnID="0719C2D0-8C1E-A10F-D924-04302C71A7DA"/>
<colUsage columnID="51CF79EC-B80F-F17A-5D0D-08D80701D2D4"/>
</indexColumnUsage>
</ind_PK_UK>
<ind_PK_UK id="52E8A035-949D-3A79-5C9B-854C89A52B32" name="CONTRATO_PROFESOR_FK">
<createdBy>nicolas</createdBy>
<createdTime>2024-10-05 03:51:35 UTC</createdTime>
<generatorID>4835AD31-62AD-2C73-A1B4-8143766E0A51</generatorID>
<ownerDesignName>EFT</ownerDesignName>
<indexState>Foreign Key</indexState>
<isSurrogateKey>false</isSurrogateKey>
<indexColumnUsage>
<colUsage columnID="0719C2D0-8C1E-A10F-D924-04302C71A7DA"/>
</indexColumnUsage>
</ind_PK_UK>
<ind_PK_UK id="2C7A2188-8A0B-BA7E-0305-53E84440060C" name="CONTRATO_ACADEMIA_FK">
<createdBy>nicolas</createdBy>
<createdTime>2024-10-05 03:51:35 UTC</createdTime>
<generatorID>4835AD31-62AD-2C73-A1B4-8143766E0A51</generatorID>
<ownerDesignName>EFT</ownerDesignName>
<indexState>Foreign Key</indexState>
<isSurrogateKey>false</isSurrogateKey>
<indexColumnUsage>
<colUsage columnID="51CF79EC-B80F-F17A-5D0D-08D80701D2D4"/>
</indexColumnUsage>
</ind_PK_UK>
</indexes>
</Table>