<?xml version = '1.0' encoding = 'UTF-8'?>
<Table class="oracle.dbtools.crest.model.design.relational.Table" directorySegmentName="seg_0" id="5DF69136-5E83-7B98-BA3F-3BAC1FD482C1" name="CURSO">
<createdBy>nicolas</createdBy>
<createdTime>2024-10-05 03:51:35 UTC</createdTime>
<generatorID>CD35FAC8-CE8B-7E0C-A871-89B1FA25BDB0</generatorID>
<ownerDesignName>EFT</ownerDesignName>
<allowColumnReorder>false</allowColumnReorder>
<existDependencyGenerateInDDl>true</existDependencyGenerateInDDl>
<parsed>true</parsed>
<columns itemClass="oracle.dbtools.crest.model.design.relational.Column">
<Column name="id_curso" id="60A8CDC0-3731-81D9-EE8E-680F5A62AD09">
<createdBy>nicolas</createdBy>
<createdTime>2024-10-05 03:51:35 UTC</createdTime>
<generatorID>A5DA5DAB-732A-9B11-44E2-5BB26CF226A4</generatorID>
<ownerDesignName>EFT</ownerDesignName>
<useDomainConstraints>false</useDomainConstraints>
<use>1</use>
<logicalDatatype>LOGDT025</logicalDatatype>
<dataTypeSize>5 BYTE</dataTypeSize>
<ownDataTypeParameters>5 BYTE,,</ownDataTypeParameters>
<autoIncrementCycle>false</autoIncrementCycle>
</Column>
<Column name="nombre" id="DF570C25-7770-5CEB-9ACD-E59E723319F2">
<createdBy>nicolas</createdBy>
<createdTime>2024-10-05 03:51:35 UTC</createdTime>
<generatorID>911E7C56-52D3-21EC-9D58-BEBF9F8B3ED8</generatorID>
<ownerDesignName>EFT</ownerDesignName>
<useDomainConstraints>false</useDomainConstraints>
<use>1</use>
<logicalDatatype>LOGDT024</logicalDatatype>
<dataTypeSize>25 BYTE</dataTypeSize>
<ownDataTypeParameters>25 BYTE,,</ownDataTypeParameters>
<autoIncrementCycle>false</autoIncrementCycle>
</Column>
<Column name="duracion_hrs" id="4C5EB8CA-E04E-B093-017E-49FFA5DEE89C">
<createdBy>nicolas</createdBy>
<createdTime>2024-10-05 03:51:35 UTC</createdTime>
<generatorID>DDB439AC-B8A4-1D10-19F6-FD71B92A17C3</generatorID>
<ownerDesignName>EFT</ownerDesignName>
<useDomainConstraints>false</useDomainConstraints>
<use>1</use>
<logicalDatatype>LOGDT019</logicalDatatype>
<dataTypePrecision>3</dataTypePrecision>
<dataTypeScale>2</dataTypeScale>
<ownDataTypeParameters>,3,2</ownDataTypeParameters>
<autoIncrementCycle>false</autoIncrementCycle>
</Column>
<Column name="ACADEMIA_id_academia" id="8C2E62EE-D871-78DD-54A3-3748A66008C1">
<createdBy>nicolas</createdBy>
<createdTime>2024-10-05 03:51:35 UTC</createdTime>
<generatorID>32EDA192-C071-4574-F0BA-E22A6F2043AB</generatorID>
<ownerDesignName>EFT</ownerDesignName>
<useDomainConstraints>false</useDomainConstraints>
<use>1</use>
<logicalDatatype>LOGDT025</logicalDatatype>
<dataTypeSize>5 BYTE</dataTypeSize>
<ownDataTypeParameters>,,</ownDataTypeParameters>
<previousColumn>false</previousColumn>
<autoIncrementCycle>false</autoIncrementCycle>
<associations>
<colAssociation fkAssociation="C2895135-DD20-848D-2719-2A6C7309185D" referredColumn="D85918E3-742B-2F39-9031-6550CD3C80A5"/>
</associations>
</Column>
<Column name="PROFESOR_id_profesor" id="E9AFF754-B5EB-B31E-EE55-6601784E69E9">
<createdBy>nicolas</createdBy>
<createdTime>2024-10-05 03:51:35 UTC</createdTime>
<generatorID>F5BBED79-CC6F-5E11-4DFD-28D926954904</generatorID>
<ownerDesignName>EFT</ownerDesignName>
<useDomainConstraints>false</useDomainConstraints>
<use>1</use>
<logicalDatatype>LOGDT025</logicalDatatype>
<dataTypeSize>5 BYTE</dataTypeSize>
<ownDataTypeParameters>,,</ownDataTypeParameters>
<previousColumn>false</previousColumn>
<autoIncrementCycle>false</autoIncrementCycle>
<associations>
<colAssociation fkAssociation="8514A820-849A-2DC0-502A-45163D63B9AD" referredColumn="AB0954CA-090F-4D4A-B27F-2CE6E0EC2AAF"/>
</associations>
</Column>
<Column name="cupo" id="C3ED7BFF-5DC4-F2A5-E83F-D32E08C7F32B">
<createdBy>nicolas</createdBy>
<createdTime>2024-10-05 03:51:35 UTC</createdTime>
<generatorID>5D4F8462-631F-9D75-6DF6-C312BAC91DDE</generatorID>
<ownerDesignName>EFT</ownerDesignName>
<useDomainConstraints>false</useDomainConstraints>
<use>1</use>
<logicalDatatype>LOGDT019</logicalDatatype>
<dataTypePrecision>2</dataTypePrecision>
<ownDataTypeParameters>,2,</ownDataTypeParameters>
<autoIncrementCycle>false</autoIncrementCycle>
</Column>
<Column name="ESPACIO_id_espacio" id="A57CE741-2796-8350-63B0-C8DB4150D9B1">
<createdBy>nicolas</createdBy>
<createdTime>2024-10-05 03:51:35 UTC</createdTime>
<generatorID>16ECCD13-4A05-144D-5B56-3A6FC306488B</generatorID>
<ownerDesignName>EFT</ownerDesignName>
<useDomainConstraints>false</useDomainConstraints>
<use>1</use>
<ownDataTypeParameters>,,</ownDataTypeParameters>
<previousColumn>false</previousColumn>
<autoIncrementCycle>false</autoIncrementCycle>
<associations>
<colAssociation fkAssociation="0BF65297-335D-7461-A2E2-59E4D04D81EA" referredColumn="0EC84636-EADD-C3BD-3314-634CC6B0F07F"/>
</associations>
</Column>
</columns>
<indexes itemClass="oracle.dbtools.crest.model.design.relational.Index">
<ind_PK_UK id="A1FC2BDD-769E-CD0F-8AC3-764F9CD1FDC8" name="CURSO_PK">
<createdBy>nicolas</createdBy>
<createdTime>2024-10-05 03:51:35 UTC</createdTime>
<generatorID>4F99B01A-F535-6DD4-20C9-69688C772BDC</generatorID>
<ownerDesignName>EFT</ownerDesignName>
<pk>true</pk>
<indexState>Primary Constraint</indexState>
<isSurrogateKey>false</isSurrogateKey>
<indexColumnUsage>
<colUsage columnID="60A8CDC0-3731-81D9-EE8E-680F5A62AD09"/>
</indexColumnUsage>
</ind_PK_UK>
<ind_PK_UK id="B0C0C6B5-6668-BB1C-5ECF-3DC45720C274" name="CURSO_ACADEMIA_FK">
<createdBy>nicolas</createdBy>
<createdTime>2024-10-05 03:51:35 UTC</createdTime>
<generatorID>CA7349AD-6D4F-7F6F-764E-19346EA6AA2A</generatorID>
<ownerDesignName>EFT</ownerDesignName>
<indexState>Foreign Key</indexState>
<isSurrogateKey>false</isSurrogateKey>
<indexColumnUsage>
<colUsage columnID="8C2E62EE-D871-78DD-54A3-3748A66008C1"/>
</indexColumnUsage>
</ind_PK_UK>
<ind_PK_UK id="7D8E9387-C931-626A-73DA-A139CCABB20B" name="CURSO_ESPACIO_FK">
<createdBy>nicolas</createdBy>
<createdTime>2024-10-05 03:51:35 UTC</createdTime>
<generatorID>60C0A833-F090-BBE4-3D6C-1DA78EB4EFB8</generatorID>
<ownerDesignName>EFT</ownerDesignName>
<indexState>Foreign Key</indexState>
<isSurrogateKey>false</isSurrogateKey>
<indexColumnUsage>
<colUsage columnID="A57CE741-2796-8350-63B0-C8DB4150D9B1"/>
</indexColumnUsage>
</ind_PK_UK>
<ind_PK_UK id="6E1363A1-A735-1D86-851A-E78A09021B17" name="CURSO_PROFESOR_FK">
<createdBy>nicolas</createdBy>
<createdTime>2024-10-05 03:51:35 UTC</createdTime>
<generatorID>869779BC-152C-81F6-B1E3-AB8276750420</generatorID>
<ownerDesignName>EFT</ownerDesignName>
<indexState>Foreign Key</indexState>
<isSurrogateKey>false</isSurrogateKey>
<indexColumnUsage>
<colUsage columnID="E9AFF754-B5EB-B31E-EE55-6601784E69E9"/>
</indexColumnUsage>
</ind_PK_UK>
</indexes>
</Table>