<?xml version = '1.0' encoding = 'UTF-8'?>
<Table class="oracle.dbtools.crest.model.design.relational.Table" directorySegmentName="seg_0" id="8E045596-7094-0103-1AE5-8731D3BB03F6" name="PROF_PLANTA">
<createdBy>nicolas</createdBy>
<createdTime>2024-10-05 03:51:35 UTC</createdTime>
<generatorID>B1791741-F5B2-AEFE-154E-4532F2622D5C</generatorID>
<ownerDesignName>EFT</ownerDesignName>
<allowColumnReorder>false</allowColumnReorder>
<existDependencyGenerateInDDl>true</existDependencyGenerateInDDl>
<parsed>true</parsed>
<columns itemClass="oracle.dbtools.crest.model.design.relational.Column">
<Column name="id_profesor" id="0F7F0D98-BB6A-FCA0-7FAB-91C9AB85E07F">
<createdBy>nicolas</createdBy>
<createdTime>2024-10-05 03:51:35 UTC</createdTime>
<generatorID>72AEAE5E-3DAC-0D61-86B7-DA416535D543</generatorID>
<ownerDesignName>EFT</ownerDesignName>
<useDomainConstraints>false</useDomainConstraints>
<use>1</use>
<logicalDatatype>LOGDT025</logicalDatatype>
<dataTypeSize>5 BYTE</dataTypeSize>
<ownDataTypeParameters>,,</ownDataTypeParameters>
<autoIncrementCycle>false</autoIncrementCycle>
<associations>
<colAssociation fkAssociation="3846CAB6-616A-04CC-4E65-6024EB096ECC" referredColumn="AB0954CA-090F-4D4A-B27F-2CE6E0EC2AAF"/>
</associations>
</Column>
<Column name="sueldo_base" id="DB75BCAC-BFA1-AA94-45FC-61FBA95B0F77">
<createdBy>nicolas</createdBy>
<createdTime>2024-10-05 03:51:35 UTC</createdTime>
<generatorID>E7EE9B9E-164A-8151-1322-D40F4605D4D0</generatorID>
<ownerDesignName>EFT</ownerDesignName>
<useDomainConstraints>false</useDomainConstraints>
<use>1</use>
<logicalDatatype>LOGDT019</logicalDatatype>
<dataTypePrecision>6</dataTypePrecision>
<ownDataTypeParameters>,6,</ownDataTypeParameters>
<autoIncrementCycle>false</autoIncrementCycle>
</Column>
<Column name="dias_vacaciones" id="0E17C9F1-5A57-EEF5-FE9E-0300383AB00E">
<createdBy>nicolas</createdBy>
<createdTime>2024-10-05 03:51:35 UTC</createdTime>
<generatorID>084B3634-7E9A-7D61-34C1-9173293D323F</generatorID>
<ownerDesignName>EFT</ownerDesignName>
<useDomainConstraints>false</useDomainConstraints>
<use>1</use>
<logicalDatatype>LOGDT019</logicalDatatype>
<dataTypePrecision>2</dataTypePrecision>
<ownDataTypeParameters>,2,</ownDataTypeParameters>
<autoIncrementCycle>false</autoIncrementCycle>
</Column>
</columns>
<indexes itemClass="oracle.dbtools.crest.model.design.relational.Index">
<ind_PK_UK id="6891AB8C-407F-E352-AA3D-8E2E4C524E6C" name="PROF_PLANTA_PK">
<createdBy>nicolas</createdBy>
<createdTime>2024-10-05 03:51:35 UTC</createdTime>
<generatorID>8946A9BE-A4B1-2229-022B-6279208DC883</generatorID>
<ownerDesignName>EFT</ownerDesignName>
<pk>true</pk>
<indexState>Primary Constraint</indexState>
<isSurrogateKey>false</isSurrogateKey>
<indexColumnUsage>
<colUsage columnID="0F7F0D98-BB6A-FCA0-7FAB-91C9AB85E07F"/>
</indexColumnUsage>
</ind_PK_UK>
<ind_PK_UK id="B79566A6-D63A-CAC9-B968-A6B70A03D031" name="PROF_PLANTA_PROFESOR_FK">
<createdBy>nicolas</createdBy>
<createdTime>2024-10-05 03:51:35 UTC</createdTime>
<generatorID>0D898662-619F-52AB-6F4D-E0E65FCE610E</generatorID>
<ownerDesignName>EFT</ownerDesignName>
<indexState>Foreign Key</indexState>
<isSurrogateKey>false</isSurrogateKey>
<indexColumnUsage>
<colUsage columnID="0F7F0D98-BB6A-FCA0-7FAB-91C9AB85E07F"/>
</indexColumnUsage>
</ind_PK_UK>
</indexes>
</Table>