<?xml version = '1.0' encoding = 'UTF-8'?>
<Table class="oracle.dbtools.crest.model.design.relational.Table" directorySegmentName="seg_0" id="8E6D9795-970F-1807-CB4D-2116A3AC1FC2" name="ACADEMIA">
<createdBy>nicolas</createdBy>
<createdTime>2024-10-05 03:51:35 UTC</createdTime>
<generatorID>163CE794-70D5-E526-B526-1F61304C947C</generatorID>
<ownerDesignName>EFT</ownerDesignName>
<allowColumnReorder>false</allowColumnReorder>
<existDependencyGenerateInDDl>true</existDependencyGenerateInDDl>
<parsed>true</parsed>
<columns itemClass="oracle.dbtools.crest.model.design.relational.Column">
<Column name="id_academia" id="D85918E3-742B-2F39-9031-6550CD3C80A5">
<createdBy>nicolas</createdBy>
<createdTime>2024-10-05 03:51:35 UTC</createdTime>
<generatorID>A7F60CE3-BB3F-0ACE-1D3F-65E7ABAC2757</generatorID>
<ownerDesignName>EFT</ownerDesignName>
<useDomainConstraints>false</useDomainConstraints>
<use>1</use>
<logicalDatatype>LOGDT025</logicalDatatype>
<dataTypeSize>5 BYTE</dataTypeSize>
<ownDataTypeParameters>5 BYTE,,</ownDataTypeParameters>
<autoIncrementCycle>false</autoIncrementCycle>
</Column>
<Column name="nombre" id="1D4183F2-9B7F-C298-318A-F17737A6E486">
<createdBy>nicolas</createdBy>
<createdTime>2024-10-05 03:51:35 UTC</createdTime>
<generatorID>0B241186-086C-63A7-D576-3F12DC6A6ADA</generatorID>
<ownerDesignName>EFT</ownerDesignName>
<useDomainConstraints>false</useDomainConstraints>
<use>1</use>
<logicalDatatype>LOGDT024</logicalDatatype>
<dataTypeSize>25 BYTE</dataTypeSize>
<ownDataTypeParameters>25 BYTE,,</ownDataTypeParameters>
<autoIncrementCycle>false</autoIncrementCycle>
</Column>
<Column name="tipo" id="21DE0B27-0FE1-56B5-DDFC-682707FEB47B">
<createdBy>nicolas</createdBy>
<createdTime>2024-10-05 03:51:35 UTC</createdTime>
<generatorID>643C250F-BAC4-EF2A-4F32-C5526CBE7F45</generatorID>
<ownerDesignName>EFT</ownerDesignName>
<constraintName>restriccion_tipo</constraintName>
<useDomainConstraints>false</useDomainConstraints>
<use>1</use>
<logicalDatatype>LOGDT025</logicalDatatype>
<dataTypeSize>1 BYTE</dataTypeSize>
<listOfValues>
<valueDef value="C" description="Canto"/>
<valueDef value="D" description="Danza"/>
<valueDef value="I" description="Interpretacion"/>
</listOfValues>
<ownDataTypeParameters>1 BYTE,,</ownDataTypeParameters>
<autoIncrementCycle>false</autoIncrementCycle>
</Column>
<Column name="rut" id="A8680249-0D60-9A72-720E-A7048E30BCB9">
<createdBy>nicolas</createdBy>
<createdTime>2024-10-05 03:51:35 UTC</createdTime>
<generatorID>DCAEBFC9-0EFD-A0F3-F02C-1A8110CCAC23</generatorID>
<ownerDesignName>EFT</ownerDesignName>
<useDomainConstraints>false</useDomainConstraints>
<use>1</use>
<logicalDatatype>LOGDT019</logicalDatatype>
<dataTypePrecision>8</dataTypePrecision>
<ownDataTypeParameters>,8,</ownDataTypeParameters>
<autoIncrementCycle>false</autoIncrementCycle>
</Column>
<Column name="digito_verificador" id="AA275BBB-D751-3961-A9B8-3F60E8438C96">
<createdBy>nicolas</createdBy>
<createdTime>2024-10-05 03:51:35 UTC</createdTime>
<generatorID>DDB725B9-5E79-E725-9D2F-ABA254ED7BD4</generatorID>
<ownerDesignName>EFT</ownerDesignName>
<constraintName>validacion_rut</constraintName>
<useDomainConstraints>false</useDomainConstraints>
<use>1</use>
<logicalDatatype>LOGDT025</logicalDatatype>
<dataTypeSize>1 BYTE</dataTypeSize>
<listOfValues>
<valueDef value="0" description=""/>
<valueDef value="1" description=""/>
<valueDef value="2" description=""/>
<valueDef value="3" description=""/>
<valueDef value="4" description=""/>
<valueDef value="5" description=""/>
<valueDef value="6" description=""/>
<valueDef value="7" description=""/>
<valueDef value="8" description=""/>
<valueDef value="9" description=""/>
<valueDef value="K" description=""/>
</listOfValues>
<ownDataTypeParameters>1 BYTE,,</ownDataTypeParameters>
<autoIncrementCycle>false</autoIncrementCycle>
</Column>
<Column name="telefono" id="A689183C-791A-D7BE-C45A-91DDCBF808DE">
<createdBy>nicolas</createdBy>
<createdTime>2024-10-05 03:51:35 UTC</createdTime>
<generatorID>87D7A03A-D7C4-4E16-BDAF-F1CF0B52617B</generatorID>
<ownerDesignName>EFT</ownerDesignName>
<useDomainConstraints>false</useDomainConstraints>
<use>1</use>
<logicalDatatype>LOGDT019</logicalDatatype>
<dataTypePrecision>9</dataTypePrecision>
<ownDataTypeParameters>,9,</ownDataTypeParameters>
<autoIncrementCycle>false</autoIncrementCycle>
</Column>
<Column name="email" id="3DEE6C75-72D6-2B38-465F-30CE5C92EF60">
<createdBy>nicolas</createdBy>
<createdTime>2024-10-05 03:51:35 UTC</createdTime>
<generatorID>16477822-042C-013E-DDFF-E44D02627F06</generatorID>
<ownerDesignName>EFT</ownerDesignName>
<useDomainConstraints>false</useDomainConstraints>
<use>1</use>
<logicalDatatype>LOGDT024</logicalDatatype>
<dataTypeSize>40 BYTE</dataTypeSize>
<ownDataTypeParameters>40 BYTE,,</ownDataTypeParameters>
<autoIncrementCycle>false</autoIncrementCycle>
</Column>
<Column name="direccion" id="EEB53989-68CD-8E39-DE1B-726B73A1B9E0">
<createdBy>nicolas</createdBy>
<createdTime>2024-10-05 03:51:35 UTC</createdTime>
<generatorID>14440776-C456-30BA-7A00-A5D45FB8716F</generatorID>
<ownerDesignName>EFT</ownerDesignName>
<useDomainConstraints>false</useDomainConstraints>
<use>1</use>
<logicalDatatype>LOGDT024</logicalDatatype>
<dataTypeSize>30 BYTE</dataTypeSize>
<ownDataTypeParameters>30 BYTE,,</ownDataTypeParameters>
<autoIncrementCycle>false</autoIncrementCycle>
</Column>
<Column name="numero_dir" id="CFD839B5-BF7E-D566-EDAB-DD73B00B76AB">
<createdBy>nicolas</createdBy>
<createdTime>2024-10-05 03:51:35 UTC</createdTime>
<generatorID>81A49794-B12B-0D62-E6C5-E43D0195BD36</generatorID>
<ownerDesignName>EFT</ownerDesignName>
<useDomainConstraints>false</useDomainConstraints>
<use>1</use>
<logicalDatatype>LOGDT019</logicalDatatype>
<dataTypePrecision>4</dataTypePrecision>
<ownDataTypeParameters>,4,</ownDataTypeParameters>
<autoIncrementCycle>false</autoIncrementCycle>
</Column>
<Column name="COMUNA_id_comuna" id="B2B28245-355A-D91F-7638-AC9CA7BF10B4">
<createdBy>nicolas</createdBy>
<createdTime>2024-10-05 03:51:35 UTC</createdTime>
<generatorID>A7D9589A-AB74-2401-B22A-BA7567B47972</generatorID>
<ownerDesignName>EFT</ownerDesignName>
<useDomainConstraints>false</useDomainConstraints>
<use>1</use>
<logicalDatatype>LOGDT025</logicalDatatype>
<dataTypeSize>5 BYTE</dataTypeSize>
<ownDataTypeParameters>,,</ownDataTypeParameters>
<previousColumn>false</previousColumn>
<autoIncrementCycle>false</autoIncrementCycle>
<associations>
<colAssociation fkAssociation="7F0CAA67-2BFC-589A-5C10-4FA106A9EA6B" referredColumn="0FEF2929-E547-0590-AB87-DE69B6E4A695"/>
</associations>
</Column>
<Column name="DIRECTOR_id_director" id="2E993E20-FC18-FCF5-005C-E963B8E37CF1">
<createdBy>nicolas</createdBy>
<createdTime>2024-10-05 03:51:35 UTC</createdTime>
<generatorID>11D3C5B7-B872-5397-D02B-6B7440606791</generatorID>
<ownerDesignName>EFT</ownerDesignName>
<useDomainConstraints>false</useDomainConstraints>
<use>1</use>
<logicalDatatype>LOGDT025</logicalDatatype>
<dataTypeSize>5 BYTE</dataTypeSize>
<ownDataTypeParameters>,,</ownDataTypeParameters>
<previousColumn>false</previousColumn>
<autoIncrementCycle>false</autoIncrementCycle>
<associations>
<colAssociation fkAssociation="4055E2AD-DBC9-262F-F580-A07733457D28" referredColumn="44854D6C-F32F-5E79-EB1F-2B6A4B4B2713"/>
</associations>
</Column>
</columns>
<indexes itemClass="oracle.dbtools.crest.model.design.relational.Index">
<ind_PK_UK id="FA3FB0B3-34F2-3EAD-5FFE-377A23AC20F6" name="ACADEMIA_PK">
<createdBy>nicolas</createdBy>
<createdTime>2024-10-05 03:51:35 UTC</createdTime>
<generatorID>6E2F03C1-AACD-4516-47EF-F3E5028360BF</generatorID>
<ownerDesignName>EFT</ownerDesignName>
<pk>true</pk>
<indexState>Primary Constraint</indexState>
<isSurrogateKey>false</isSurrogateKey>
<indexColumnUsage>
<colUsage columnID="D85918E3-742B-2F39-9031-6550CD3C80A5"/>
</indexColumnUsage>
</ind_PK_UK>
<ind_PK_UK id="7EAFEE11-384A-A4CD-CD20-CDFE3CC00787" name="ACADEMIA_rut_UN">
<createdBy>nicolas</createdBy>
<createdTime>2024-10-05 03:51:35 UTC</createdTime>
<generatorID>89B66620-F28F-B580-6BAB-E7BE9EB3926B</generatorID>
<ownerDesignName>EFT</ownerDesignName>
<indexState>Unique Constraint</indexState>
<isSurrogateKey>false</isSurrogateKey>
<indexColumnUsage>
<colUsage columnID="A8680249-0D60-9A72-720E-A7048E30BCB9"/>
</indexColumnUsage>
</ind_PK_UK>
<ind_PK_UK id="6535C91D-E2BF-50D5-63AC-211925C137CC" name="ACADEMIA__IDX">
<createdBy>nicolas</createdBy>
<createdTime>2024-10-05 03:51:35 UTC</createdTime>
<ownerDesignName>EFT</ownerDesignName>
<indexState>Unique Plain Index</indexState>
<isSurrogateKey>false</isSurrogateKey>
<relationGeneratorID>42399874-CA76-6477-4DC9-5131270FE98F</relationGeneratorID>
<indexColumnUsage>
<colUsage columnID="2E993E20-FC18-FCF5-005C-E963B8E37CF1"/>
</indexColumnUsage>
</ind_PK_UK>
<ind_PK_UK id="E1BF8481-5B56-D7EE-B1E2-288C66D82DD9" name="ACADEMIA_COMUNA_FK">
<createdBy>nicolas</createdBy>
<createdTime>2024-10-05 03:51:35 UTC</createdTime>
<generatorID>CAA77231-7693-2FED-8865-4CC38E3C8842</generatorID>
<ownerDesignName>EFT</ownerDesignName>
<indexState>Foreign Key</indexState>
<isSurrogateKey>false</isSurrogateKey>
<indexColumnUsage>
<colUsage columnID="B2B28245-355A-D91F-7638-AC9CA7BF10B4"/>
</indexColumnUsage>
</ind_PK_UK>
<ind_PK_UK id="6D08B509-4A3F-D29A-082D-22919A9B1067" name="ACADEMIA_DIRECTOR_FK">
<createdBy>nicolas</createdBy>
<createdTime>2024-10-05 03:51:35 UTC</createdTime>
<generatorID>42399874-CA76-6477-4DC9-5131270FE98F</generatorID>
<ownerDesignName>EFT</ownerDesignName>
<indexState>Foreign Key</indexState>
<isSurrogateKey>false</isSurrogateKey>
<indexColumnUsage>
<colUsage columnID="2E993E20-FC18-FCF5-005C-E963B8E37CF1"/>
</indexColumnUsage>
</ind_PK_UK>
</indexes>
</Table>