<?xml version = '1.0' encoding = 'UTF-8'?>
<Table class="oracle.dbtools.crest.model.design.relational.Table" directorySegmentName="seg_0" id="9459D6E7-6023-0960-2742-71FBAE658C52" name="PROFESOR">
<createdBy>nicolas</createdBy>
<createdTime>2024-10-05 03:51:35 UTC</createdTime>
<generatorID>C0C49305-DB50-81E8-4F7F-1260D68EBE88</generatorID>
<ownerDesignName>EFT</ownerDesignName>
<allowColumnReorder>false</allowColumnReorder>
<existDependencyGenerateInDDl>true</existDependencyGenerateInDDl>
<parsed>true</parsed>
<columns itemClass="oracle.dbtools.crest.model.design.relational.Column">
<Column name="id_profesor" id="AB0954CA-090F-4D4A-B27F-2CE6E0EC2AAF">
<createdBy>nicolas</createdBy>
<createdTime>2024-10-05 03:51:35 UTC</createdTime>
<generatorID>72AEAE5E-3DAC-0D61-86B7-DA416535D543</generatorID>
<ownerDesignName>EFT</ownerDesignName>
<useDomainConstraints>false</useDomainConstraints>
<use>1</use>
<logicalDatatype>LOGDT025</logicalDatatype>
<dataTypeSize>5 BYTE</dataTypeSize>
<ownDataTypeParameters>5 BYTE,,</ownDataTypeParameters>
<autoIncrementCycle>false</autoIncrementCycle>
</Column>
<Column name="rut" id="2CE1144D-BEAB-FD61-413E-DE40C7040119">
<createdBy>nicolas</createdBy>
<createdTime>2024-10-05 03:51:35 UTC</createdTime>
<generatorID>5F4FD639-3FF5-6730-6C04-1420ECD345DD</generatorID>
<ownerDesignName>EFT</ownerDesignName>
<useDomainConstraints>false</useDomainConstraints>
<use>1</use>
<logicalDatatype>LOGDT019</logicalDatatype>
<dataTypePrecision>8</dataTypePrecision>
<ownDataTypeParameters>,8,</ownDataTypeParameters>
<autoIncrementCycle>false</autoIncrementCycle>
</Column>
<Column name="digito_verificador" id="AF341849-3797-46F6-87DD-A5111F8CAFB6">
<createdBy>nicolas</createdBy>
<createdTime>2024-10-05 03:51:35 UTC</createdTime>
<generatorID>D0582DD1-A00E-C12E-DE6D-A48F55C0E8E7</generatorID>
<ownerDesignName>EFT</ownerDesignName>
<constraintName>restriccion_rut</constraintName>
<useDomainConstraints>false</useDomainConstraints>
<use>1</use>
<logicalDatatype>LOGDT025</logicalDatatype>
<dataTypeSize>1 BYTE</dataTypeSize>
<listOfValues>
<valueDef value="0" description=""/>
<valueDef value="1" description=""/>
<valueDef value="2" description=""/>
<valueDef value="3" description=""/>
<valueDef value="4" description=""/>
<valueDef value="5" description=""/>
<valueDef value="6" description=""/>
<valueDef value="7" description=""/>
<valueDef value="8" description=""/>
<valueDef value="9" description=""/>
<valueDef value="K" description=""/>
</listOfValues>
<ownDataTypeParameters>1 BYTE,,</ownDataTypeParameters>
<autoIncrementCycle>false</autoIncrementCycle>
</Column>
<Column name="nombre" id="98394D9F-1362-9A34-87A2-8E4F2A058108">
<createdBy>nicolas</createdBy>
<createdTime>2024-10-05 03:51:35 UTC</createdTime>
<generatorID>AC78FAB5-FECB-41A4-B276-CBCFD8AB7CC1</generatorID>
<ownerDesignName>EFT</ownerDesignName>
<useDomainConstraints>false</useDomainConstraints>
<use>1</use>
<logicalDatatype>LOGDT024</logicalDatatype>
<dataTypeSize>25 BYTE</dataTypeSize>
<ownDataTypeParameters>25 BYTE,,</ownDataTypeParameters>
<autoIncrementCycle>false</autoIncrementCycle>
</Column>
<Column name="segundo_nombre" id="A818C057-15E4-4EB0-AF7C-A09A6F1D4853">
<createdBy>nicolas</createdBy>
<createdTime>2024-10-05 03:51:35 UTC</createdTime>
<generatorID>A35A9628-6E1E-20B8-EA3D-5B9C16C61210</generatorID>
<ownerDesignName>EFT</ownerDesignName>
<nullsAllowed>true</nullsAllowed>
<useDomainConstraints>false</useDomainConstraints>
<use>1</use>
<logicalDatatype>LOGDT024</logicalDatatype>
<dataTypeSize>25 BYTE</dataTypeSize>
<ownDataTypeParameters>25 BYTE,,</ownDataTypeParameters>
<autoIncrementCycle>false</autoIncrementCycle>
</Column>
<Column name="apellido_paterno" id="4C4CB08D-83CC-7BFE-54B3-C284F837A9C4">
<createdBy>nicolas</createdBy>
<createdTime>2024-10-05 03:51:35 UTC</createdTime>
<generatorID>E956DAAC-A434-46F6-0EF3-DBCCCB879CFC</generatorID>
<ownerDesignName>EFT</ownerDesignName>
<useDomainConstraints>false</useDomainConstraints>
<use>1</use>
<logicalDatatype>LOGDT024</logicalDatatype>
<dataTypeSize>25 BYTE</dataTypeSize>
<ownDataTypeParameters>25 BYTE,,</ownDataTypeParameters>
<autoIncrementCycle>false</autoIncrementCycle>
</Column>
<Column name="apellido_materno" id="02E17440-ABC3-5F3F-5870-96BEBEB39C08">
<createdBy>nicolas</createdBy>
<createdTime>2024-10-05 03:51:35 UTC</createdTime>
<generatorID>02256C53-29B1-47E1-8126-A93C1495B486</generatorID>
<ownerDesignName>EFT</ownerDesignName>
<nullsAllowed>true</nullsAllowed>
<useDomainConstraints>false</useDomainConstraints>
<use>1</use>
<logicalDatatype>LOGDT024</logicalDatatype>
<dataTypeSize>25 BYTE</dataTypeSize>
<ownDataTypeParameters>25 BYTE,,</ownDataTypeParameters>
<autoIncrementCycle>false</autoIncrementCycle>
</Column>
<Column name="tipo_profesor" id="537C9A79-5C4E-E26D-A6FE-71698F138923">
<createdBy>nicolas</createdBy>
<createdTime>2024-10-05 03:51:35 UTC</createdTime>
<generatorID>666104F2-D17C-793D-6F04-FA0FD93FAEF6</generatorID>
<ownerDesignName>EFT</ownerDesignName>
<constraintName>restriccion_profesor</constraintName>
<useDomainConstraints>false</useDomainConstraints>
<use>1</use>
<logicalDatatype>LOGDT025</logicalDatatype>
<dataTypeSize>1 BYTE</dataTypeSize>
<listOfValues>
<valueDef value="H" description="Honorario"/>
<valueDef value="P" description="Planta"/>
</listOfValues>
<ownDataTypeParameters>1 BYTE,,</ownDataTypeParameters>
<autoIncrementCycle>false</autoIncrementCycle>
</Column>
</columns>
<indexes itemClass="oracle.dbtools.crest.model.design.relational.Index">
<ind_PK_UK id="2580C32E-8DA9-BACB-FDA4-A2353291B227" name="PROFESOR_PK">
<createdBy>nicolas</createdBy>
<createdTime>2024-10-05 03:51:35 UTC</createdTime>
<generatorID>8946A9BE-A4B1-2229-022B-6279208DC883</generatorID>
<ownerDesignName>EFT</ownerDesignName>
<pk>true</pk>
<indexState>Primary Constraint</indexState>
<isSurrogateKey>false</isSurrogateKey>
<indexColumnUsage>
<colUsage columnID="AB0954CA-090F-4D4A-B27F-2CE6E0EC2AAF"/>
</indexColumnUsage>
</ind_PK_UK>
<ind_PK_UK id="62E4B796-B287-8104-8726-3C7D3208DF01" name="PROFESOR_rut_UN">
<createdBy>nicolas</createdBy>
<createdTime>2024-10-05 03:51:35 UTC</createdTime>
<generatorID>B3143715-C8F8-D4D2-592F-F5838D35A76C</generatorID>
<ownerDesignName>EFT</ownerDesignName>
<indexState>Unique Constraint</indexState>
<isSurrogateKey>false</isSurrogateKey>
<indexColumnUsage>
<colUsage columnID="2CE1144D-BEAB-FD61-413E-DE40C7040119"/>
</indexColumnUsage>
</ind_PK_UK>
</indexes>
</Table>