<?xml version = '1.0' encoding = 'UTF-8'?>
<Table class="oracle.dbtools.crest.model.design.relational.Table" directorySegmentName="seg_0" id="A0E8BDED-5EE1-008B-88AA-822C64538193" name="ESPACIO">
<createdBy>nicolas</createdBy>
<createdTime>2024-10-05 03:51:35 UTC</createdTime>
<generatorID>CBBB3E88-B83B-DFCD-8C91-70D28C08FA8C</generatorID>
<ownerDesignName>EFT</ownerDesignName>
<allowColumnReorder>false</allowColumnReorder>
<existDependencyGenerateInDDl>true</existDependencyGenerateInDDl>
<parsed>true</parsed>
<columns itemClass="oracle.dbtools.crest.model.design.relational.Column">
<Column name="id_espacio" id="0EC84636-EADD-C3BD-3314-634CC6B0F07F">
<createdBy>nicolas</createdBy>
<createdTime>2024-10-05 03:51:35 UTC</createdTime>
<generatorID>E42F4F17-A836-67F2-B5CA-C5AD45A6A673</generatorID>
<ownerDesignName>EFT</ownerDesignName>
<useDomainConstraints>false</useDomainConstraints>
<use>1</use>
<logicalDatatype>LOGDT025</logicalDatatype>
<dataTypeSize>5 BYTE</dataTypeSize>
<ownDataTypeParameters>5 BYTE,,</ownDataTypeParameters>
<autoIncrementCycle>false</autoIncrementCycle>
</Column>
<Column name="MUNICIPALIDAD_id_muni" id="6EC50EFD-652E-DAE9-D5BA-F34D893B8FA3">
<createdBy>nicolas</createdBy>
<createdTime>2024-10-05 03:51:35 UTC</createdTime>
<generatorID>26BD0B08-E95E-05C4-C360-77DC0C935046</generatorID>
<ownerDesignName>EFT</ownerDesignName>
<useDomainConstraints>false</useDomainConstraints>
<use>1</use>
<logicalDatatype>LOGDT025</logicalDatatype>
<dataTypeSize>5 BYTE</dataTypeSize>
<ownDataTypeParameters>,,</ownDataTypeParameters>
<previousColumn>false</previousColumn>
<autoIncrementCycle>false</autoIncrementCycle>
<associations>
<colAssociation fkAssociation="AA1C7E15-F8A5-CBC6-0764-DD6D9015FE05" referredColumn="390CA01A-596C-39A9-0C31-74A7B0166A62"/>
</associations>
</Column>
<Column name="nombre" id="1549A9F6-1BBF-0150-CE73-1B48DF9C13F2">
<createdBy>nicolas</createdBy>
<createdTime>2024-10-05 03:51:35 UTC</createdTime>
<generatorID>1881D11C-4EBD-7EB6-0E3C-E602C437247B</generatorID>
<ownerDesignName>EFT</ownerDesignName>
<useDomainConstraints>false</useDomainConstraints>
<use>1</use>
<logicalDatatype>LOGDT024</logicalDatatype>
<dataTypeSize>25 BYTE</dataTypeSize>
<ownDataTypeParameters>25 BYTE,,</ownDataTypeParameters>
<autoIncrementCycle>false</autoIncrementCycle>
</Column>
</columns>
<indexes itemClass="oracle.dbtools.crest.model.design.relational.Index">
<ind_PK_UK id="8EE8442E-A7FF-3022-ADE9-DAF13CC90F10" name="ESPACIO_PK">
<createdBy>nicolas</createdBy>
<createdTime>2024-10-05 03:51:35 UTC</createdTime>
<generatorID>E110E266-4B42-827A-ED71-182A88E3295C</generatorID>
<ownerDesignName>EFT</ownerDesignName>
<pk>true</pk>
<indexState>Primary Constraint</indexState>
<isSurrogateKey>false</isSurrogateKey>
<indexColumnUsage>
<colUsage columnID="0EC84636-EADD-C3BD-3314-634CC6B0F07F"/>
</indexColumnUsage>
</ind_PK_UK>
<ind_PK_UK id="F2055965-C9C1-F9BC-8E51-4510EE4EBEBB" name="ESPACIO_MUNICIPALIDAD_FK">
<createdBy>nicolas</createdBy>
<createdTime>2024-10-05 03:51:35 UTC</createdTime>
<generatorID>E6A514C7-06D7-00D3-F8F4-38CB6D0CFC5C</generatorID>
<ownerDesignName>EFT</ownerDesignName>
<indexState>Foreign Key</indexState>
<isSurrogateKey>false</isSurrogateKey>
<indexColumnUsage>
<colUsage columnID="6EC50EFD-652E-DAE9-D5BA-F34D893B8FA3"/>
</indexColumnUsage>
</ind_PK_UK>
</indexes>
</Table>