<?xml version = '1.0' encoding = 'UTF-8'?>
<Table class="oracle.dbtools.crest.model.design.relational.Table" directorySegmentName="seg_0" id="C3C5D172-CF02-D3D7-6E35-C6DECF0EBBC8" name="POSTULACION">
<createdBy>nicolas</createdBy>
<createdTime>2024-10-05 03:51:35 UTC</createdTime>
<ownerDesignName>EFT</ownerDesignName>
<allowColumnReorder>false</allowColumnReorder>
<existDependencyGenerateInDDl>true</existDependencyGenerateInDDl>
<parsed>true</parsed>
<columns itemClass="oracle.dbtools.crest.model.design.relational.Column">
<Column name="ACADEMIA_id_academia" id="18ADA136-58EE-F767-F470-5904A9A93972">
<createdBy>nicolas</createdBy>
<createdTime>2024-10-05 03:51:35 UTC</createdTime>
<ownerDesignName>EFT</ownerDesignName>
<useDomainConstraints>false</useDomainConstraints>
<use>1</use>
<logicalDatatype>LOGDT025</logicalDatatype>
<dataTypeSize>5 BYTE</dataTypeSize>
<ownDataTypeParameters>,,</ownDataTypeParameters>
<previousColumn>false</previousColumn>
<autoIncrementCycle>false</autoIncrementCycle>
<associations>
<colAssociation fkAssociation="23A3BD3B-452C-316B-365F-FF760A7A3BF2" referredColumn="D85918E3-742B-2F39-9031-6550CD3C80A5"/>
</associations>
</Column>
<Column name="PROGRAMA_id_programa" id="DE52FB49-ADAB-D179-A39F-B1DCF7584C4C">
<createdBy>nicolas</createdBy>
<createdTime>2024-10-05 03:51:35 UTC</createdTime>
<ownerDesignName>EFT</ownerDesignName>
<useDomainConstraints>false</useDomainConstraints>
<use>1</use>
<logicalDatatype>LOGDT025</logicalDatatype>
<dataTypeSize>5 BYTE</dataTypeSize>
<ownDataTypeParameters>,,</ownDataTypeParameters>
<previousColumn>false</previousColumn>
<autoIncrementCycle>false</autoIncrementCycle>
<associations>
<colAssociation fkAssociation="17AF3D1B-8EF1-6AB2-89BE-41E8D4907D27" referredColumn="A10DD62D-1074-3030-49A5-A64D068F1B16"/>
</associations>
</Column>
<Column name="fecha" id="EA5027E7-0BF6-AD3B-F114-5CFACECE1051">
<createdBy>nicolas</createdBy>
<createdTime>2024-10-05 03:51:35 UTC</createdTime>
<generatorID>746C1DFC-AE3C-D40B-B00B-9F42249D349A</generatorID>
<ownerDesignName>EFT</ownerDesignName>
<useDomainConstraints>false</useDomainConstraints>
<use>1</use>
<logicalDatatype>LOGDT007</logicalDatatype>
<ownDataTypeParameters>,,</ownDataTypeParameters>
<autoIncrementCycle>false</autoIncrementCycle>
<isRelationshipColumn>true</isRelationshipColumn>
<isDependOnFK_AsMandatory>true</isDependOnFK_AsMandatory>
</Column>
<Column name="cod_postulacion" id="410561D5-BB66-BC2A-45AB-F442D41FDE5E">
<createdBy>nicolas</createdBy>
<createdTime>2024-10-05 03:51:35 UTC</createdTime>
<generatorID>771980C3-4D00-A76F-BB3E-51D70C0FF99F</generatorID>
<ownerDesignName>EFT</ownerDesignName>
<useDomainConstraints>false</useDomainConstraints>
<use>1</use>
<logicalDatatype>LOGDT025</logicalDatatype>
<dataTypeSize>5 BYTE</dataTypeSize>
<ownDataTypeParameters>5 BYTE,,</ownDataTypeParameters>
<autoIncrementCycle>false</autoIncrementCycle>
<isRelationshipColumn>true</isRelationshipColumn>
<isDependOnFK_AsMandatory>true</isDependOnFK_AsMandatory>
</Column>
</columns>
<indexes itemClass="oracle.dbtools.crest.model.design.relational.Index">
<ind_PK_UK id="D04CEDB1-E8D2-A266-C494-40552B255B0B" name="POSTULACION_PK">
<createdBy>nicolas</createdBy>
<createdTime>2024-10-05 03:51:35 UTC</createdTime>
<ownerDesignName>EFT</ownerDesignName>
<pk>true</pk>
<indexState>Primary Constraint</indexState>
<isSurrogateKey>false</isSurrogateKey>
<indexColumnUsage>
<colUsage columnID="18ADA136-58EE-F767-F470-5904A9A93972"/>
<colUsage columnID="DE52FB49-ADAB-D179-A39F-B1DCF7584C4C"/>
</indexColumnUsage>
</ind_PK_UK>
<ind_PK_UK id="8F4E0C34-1505-0A8C-0B22-125642DA6246" name="POSTULACION_ACADEMIA_FK">
<createdBy>nicolas</createdBy>
<createdTime>2024-10-05 03:51:35 UTC</createdTime>
<generatorID>4F1C3B8F-CDE6-A2BF-BC40-857D7689CA76</generatorID>
<ownerDesignName>EFT</ownerDesignName>
<indexState>Foreign Key</indexState>
<isSurrogateKey>false</isSurrogateKey>
<indexColumnUsage>
<colUsage columnID="18ADA136-58EE-F767-F470-5904A9A93972"/>
</indexColumnUsage>
</ind_PK_UK>
<ind_PK_UK id="AE4CDCB0-2875-69C0-1223-8DE9470BD290" name="POSTULACION_PROGRAMA_FK">
<createdBy>nicolas</createdBy>
<createdTime>2024-10-05 03:51:35 UTC</createdTime>
<generatorID>4F1C3B8F-CDE6-A2BF-BC40-857D7689CA76</generatorID>
<ownerDesignName>EFT</ownerDesignName>
<indexState>Foreign Key</indexState>
<isSurrogateKey>false</isSurrogateKey>
<indexColumnUsage>
<colUsage columnID="DE52FB49-ADAB-D179-A39F-B1DCF7584C4C"/>
</indexColumnUsage>
</ind_PK_UK>
</indexes>
</Table>