<?xml version = '1.0' encoding = 'UTF-8'?>
<Table class="oracle.dbtools.crest.model.design.relational.Table" directorySegmentName="seg_0" id="CCD3CE38-F6C3-A1C2-258F-2C3F7B7E211E" name="PROF_HONORARIO">
<createdBy>nicolas</createdBy>
<createdTime>2024-10-05 03:51:35 UTC</createdTime>
<generatorID>86BE032C-EBDE-85CC-9DCC-5FD4DB442026</generatorID>
<ownerDesignName>EFT</ownerDesignName>
<allowColumnReorder>false</allowColumnReorder>
<existDependencyGenerateInDDl>true</existDependencyGenerateInDDl>
<parsed>true</parsed>
<columns itemClass="oracle.dbtools.crest.model.design.relational.Column">
<Column name="id_profesor" id="DC45CE97-9755-72E7-534A-F10093BCB565">
<createdBy>nicolas</createdBy>
<createdTime>2024-10-05 03:51:35 UTC</createdTime>
<generatorID>72AEAE5E-3DAC-0D61-86B7-DA416535D543</generatorID>
<ownerDesignName>EFT</ownerDesignName>
<useDomainConstraints>false</useDomainConstraints>
<use>1</use>
<logicalDatatype>LOGDT025</logicalDatatype>
<dataTypeSize>5 BYTE</dataTypeSize>
<ownDataTypeParameters>,,</ownDataTypeParameters>
<autoIncrementCycle>false</autoIncrementCycle>
<associations>
<colAssociation fkAssociation="7220ADCB-FF28-8728-1E4B-E59E00F16471" referredColumn="AB0954CA-090F-4D4A-B27F-2CE6E0EC2AAF"/>
</associations>
</Column>
<Column name="tarifa_hora" id="609F99A0-5802-5AD7-04A1-2F7BD3D55583">
<createdBy>nicolas</createdBy>
<createdTime>2024-10-05 03:51:35 UTC</createdTime>
<generatorID>A91D3C73-9C7B-12D2-48A7-3C62F54BAF1E</generatorID>
<ownerDesignName>EFT</ownerDesignName>
<useDomainConstraints>false</useDomainConstraints>
<use>1</use>
<logicalDatatype>LOGDT019</logicalDatatype>
<dataTypePrecision>5</dataTypePrecision>
<ownDataTypeParameters>,5,</ownDataTypeParameters>
<autoIncrementCycle>false</autoIncrementCycle>
</Column>
<Column name="cantidad_hrs" id="1FE27962-E9DB-A3C3-E5AC-2843777CC743">
<createdBy>nicolas</createdBy>
<createdTime>2024-10-05 03:51:35 UTC</createdTime>
<generatorID>26BC7BE1-1022-2725-6716-F5B5F8231F04</generatorID>
<ownerDesignName>EFT</ownerDesignName>
<useDomainConstraints>false</useDomainConstraints>
<use>1</use>
<logicalDatatype>LOGDT019</logicalDatatype>
<dataTypePrecision>2</dataTypePrecision>
<ownDataTypeParameters>,2,</ownDataTypeParameters>
<autoIncrementCycle>false</autoIncrementCycle>
</Column>
</columns>
<indexes itemClass="oracle.dbtools.crest.model.design.relational.Index">
<ind_PK_UK id="B4B114CC-7DE7-5888-913D-D1338660AD42" name="PROF_HONORARIO_PK">
<createdBy>nicolas</createdBy>
<createdTime>2024-10-05 03:51:35 UTC</createdTime>
<generatorID>8946A9BE-A4B1-2229-022B-6279208DC883</generatorID>
<ownerDesignName>EFT</ownerDesignName>
<pk>true</pk>
<indexState>Primary Constraint</indexState>
<isSurrogateKey>false</isSurrogateKey>
<indexColumnUsage>
<colUsage columnID="DC45CE97-9755-72E7-534A-F10093BCB565"/>
</indexColumnUsage>
</ind_PK_UK>
<ind_PK_UK id="27EA74BF-73BD-2932-0A53-C31C79EBF7FD" name="PROF_HONORARIO_PROFESOR_FK">
<createdBy>nicolas</createdBy>
<createdTime>2024-10-05 03:51:35 UTC</createdTime>
<generatorID>EDB9008A-08A0-400B-E075-CF842785E748</generatorID>
<ownerDesignName>EFT</ownerDesignName>
<indexState>Foreign Key</indexState>
<isSurrogateKey>false</isSurrogateKey>
<indexColumnUsage>
<colUsage columnID="DC45CE97-9755-72E7-534A-F10093BCB565"/>
</indexColumnUsage>
</ind_PK_UK>
</indexes>
</Table>