<?xml version = '1.0' encoding = 'UTF-8'?>
<Table class="oracle.dbtools.crest.model.design.relational.Table" directorySegmentName="seg_0" id="FDC6773F-30C4-7A28-6229-D53BF3F0D317" name="MUNICIPALIDAD">
<createdBy>nicolas</createdBy>
<createdTime>2024-10-05 03:51:35 UTC</createdTime>
<generatorID>FE0B59B7-B1E4-F036-09BC-FE85D5277522</generatorID>
<ownerDesignName>EFT</ownerDesignName>
<allowColumnReorder>false</allowColumnReorder>
<existDependencyGenerateInDDl>true</existDependencyGenerateInDDl>
<parsed>true</parsed>
<columns itemClass="oracle.dbtools.crest.model.design.relational.Column">
<Column name="id_muni" id="390CA01A-596C-39A9-0C31-74A7B0166A62">
<createdBy>nicolas</createdBy>
<createdTime>2024-10-05 03:51:35 UTC</createdTime>
<generatorID>A496378C-0B20-5939-5344-540277D5B5F7</generatorID>
<ownerDesignName>EFT</ownerDesignName>
<useDomainConstraints>false</useDomainConstraints>
<use>1</use>
<logicalDatatype>LOGDT025</logicalDatatype>
<dataTypeSize>5 BYTE</dataTypeSize>
<ownDataTypeParameters>5 BYTE,,</ownDataTypeParameters>
<autoIncrementCycle>false</autoIncrementCycle>
</Column>
<Column name="nombre" id="1ECFDC19-AFB3-4C04-A053-86B80180447C">
<createdBy>nicolas</createdBy>
<createdTime>2024-10-05 03:51:35 UTC</createdTime>
<generatorID>B4681546-6936-DFD9-E252-5C529B087BC6</generatorID>
<ownerDesignName>EFT</ownerDesignName>
<useDomainConstraints>false</useDomainConstraints>
<use>1</use>
<logicalDatatype>LOGDT024</logicalDatatype>
<dataTypeSize>25 BYTE</dataTypeSize>
<ownDataTypeParameters>25 BYTE,,</ownDataTypeParameters>
<autoIncrementCycle>false</autoIncrementCycle>
</Column>
<Column name="COMUNA_id_comuna" id="306EB758-6D57-77B0-6AE5-5232BEFFE4A6">
<createdBy>nicolas</createdBy>
<createdTime>2024-10-05 03:51:35 UTC</createdTime>
<generatorID>15A730D8-F9F3-6828-27B7-4C3C1FA808AC</generatorID>
<ownerDesignName>EFT</ownerDesignName>
<useDomainConstraints>false</useDomainConstraints>
<use>1</use>
<logicalDatatype>LOGDT025</logicalDatatype>
<dataTypeSize>5 BYTE</dataTypeSize>
<ownDataTypeParameters>,,</ownDataTypeParameters>
<previousColumn>false</previousColumn>
<autoIncrementCycle>false</autoIncrementCycle>
<associations>
<colAssociation fkAssociation="BE5F817B-1869-4B9D-793A-9D6BBF708546" referredColumn="0FEF2929-E547-0590-AB87-DE69B6E4A695"/>
</associations>
</Column>
</columns>
<indexes itemClass="oracle.dbtools.crest.model.design.relational.Index">
<ind_PK_UK id="1854291A-0225-BCCA-7853-48E613305F6B" name="MUNICIPALIDAD_PK">
<createdBy>nicolas</createdBy>
<createdTime>2024-10-05 03:51:35 UTC</createdTime>
<generatorID>B1A631B5-A9F4-7A28-CCA3-258F835A661F</generatorID>
<ownerDesignName>EFT</ownerDesignName>
<pk>true</pk>
<indexState>Primary Constraint</indexState>
<isSurrogateKey>false</isSurrogateKey>
<indexColumnUsage>
<colUsage columnID="390CA01A-596C-39A9-0C31-74A7B0166A62"/>
</indexColumnUsage>
</ind_PK_UK>
<ind_PK_UK id="35435642-EF54-E71D-4530-68E903513085" name="MUNICIPALIDAD__IDX">
<createdBy>nicolas</createdBy>
<createdTime>2024-10-05 03:51:35 UTC</createdTime>
<ownerDesignName>EFT</ownerDesignName>
<indexState>Unique Plain Index</indexState>
<isSurrogateKey>false</isSurrogateKey>
<relationGeneratorID>2FD42EF4-6D5F-2A65-4D71-8842DE48F09E</relationGeneratorID>
<indexColumnUsage>
<colUsage columnID="306EB758-6D57-77B0-6AE5-5232BEFFE4A6"/>
</indexColumnUsage>
</ind_PK_UK>
<ind_PK_UK id="E498D93B-9CC2-896F-0B10-8D717286DC54" name="MUNICIPALIDAD_COMUNA_FK">
<createdBy>nicolas</createdBy>
<createdTime>2024-10-05 03:51:35 UTC</createdTime>
<generatorID>2FD42EF4-6D5F-2A65-4D71-8842DE48F09E</generatorID>
<ownerDesignName>EFT</ownerDesignName>
<indexState>Foreign Key</indexState>
<isSurrogateKey>false</isSurrogateKey>
<indexColumnUsage>
<colUsage columnID="306EB758-6D57-77B0-6AE5-5232BEFFE4A6"/>
</indexColumnUsage>
</ind_PK_UK>
</indexes>
</Table>