<?xml version = '1.0' encoding = 'UTF-8'?>
<Relation class="oracle.dbtools.crest.model.design.logical.Relation" name="MUNICIPALIDAD_COMUNA" directorySegmentName="seg_0" id="2FD42EF4-6D5F-2A65-4D71-8842DE48F09E">
<createdBy>nicolas</createdBy>
<createdTime>2024-10-04 02:00:36 UTC</createdTime>
<ownerDesignName>EFT</ownerDesignName>
<engineerTo>
<item key="59338A95-B528-DCF9-9E61-0C930A6BDE3C" value="true"/>
</engineerTo>
<sourcePk>C3733307-5555-494A-5064-330CDFDB1DA7</sourcePk>
<targetPk>B1A631B5-A9F4-7A28-CCA3-258F835A661F</targetPk>
<identifying>false</identifying>
<nameOnSource>Tiene</nameOnSource>
<nameOnTarget>Pertenece a</nameOnTarget>
<optionalSource>false</optionalSource>
<optionalTarget>false</optionalTarget>
<sourceCardinality>1</sourceCardinality>
<sourceEntity>DD3A44C3-3049-8B33-13BB-0D583026A1B6</sourceEntity>
<targetCardinalityString>1</targetCardinalityString>
<targetEntity>FE0B59B7-B1E4-F036-09BC-FE85D5277522</targetEntity>
<transferable>true</transferable>
<deleteRule>NO ACTION</deleteRule>
</Relation>