<?xml version = '1.0' encoding = 'UTF-8'?>
<Relation class="oracle.dbtools.crest.model.design.logical.Relation" name="DIRECTOR_ACADEMIA" directorySegmentName="seg_0" id="42399874-CA76-6477-4DC9-5131270FE98F">
<createdBy>nicolas</createdBy>
<createdTime>2024-10-05 03:05:01 UTC</createdTime>
<ownerDesignName>EFT</ownerDesignName>
<engineerTo>
<item key="59338A95-B528-DCF9-9E61-0C930A6BDE3C" value="true"/>
</engineerTo>
<sourcePk>DB71044B-9E6C-46ED-E47B-78B8C4A76072</sourcePk>
<targetPk>6E2F03C1-AACD-4516-47EF-F3E5028360BF</targetPk>
<identifying>false</identifying>
<nameOnSource>Dirige</nameOnSource>
<nameOnTarget>Dirigida</nameOnTarget>
<optionalSource>false</optionalSource>
<optionalTarget>false</optionalTarget>
<sourceCardinality>1</sourceCardinality>
<sourceEntity>BA5ABD1A-7F84-4650-1425-8AC5C5D01863</sourceEntity>
<targetCardinalityString>1</targetCardinalityString>
<targetEntity>163CE794-70D5-E526-B526-1F61304C947C</targetEntity>
<transferable>true</transferable>
<deleteRule>NO ACTION</deleteRule>
</Relation>