<?xml version = '1.0' encoding = 'UTF-8'?>
<Relation class="oracle.dbtools.crest.model.design.logical.Relation" name="ACADEMIA_CUENTA" directorySegmentName="seg_0" id="44FC29CB-BF66-D11E-268A-7DD8380AF8BC">
<createdBy>nicolas</createdBy>
<createdTime>2024-10-05 03:07:01 UTC</createdTime>
<ownerDesignName>EFT</ownerDesignName>
<engineerTo>
<item key="59338A95-B528-DCF9-9E61-0C930A6BDE3C" value="true"/>
</engineerTo>
<sourcePk>6E2F03C1-AACD-4516-47EF-F3E5028360BF</sourcePk>
<identifying>false</identifying>
<nameOnSource>Tiene</nameOnSource>
<nameOnTarget>Pertenece</nameOnTarget>
<optionalSource>false</optionalSource>
<optionalTarget>false</optionalTarget>
<sourceCardinality>1</sourceCardinality>
<sourceEntity>163CE794-70D5-E526-B526-1F61304C947C</sourceEntity>
<targetCardinalityString>*</targetCardinalityString>
<targetEntity>1DB861A3-7E99-0CA7-B530-7B33EB9FABD6</targetEntity>
<transferable>true</transferable>
<deleteRule>NO ACTION</deleteRule>
</Relation>