<?xml version = '1.0' encoding = 'UTF-8'?>
<Relation class="oracle.dbtools.crest.model.design.logical.Relation" name="HORARIO" directorySegmentName="seg_0" id="44FD3BE4-ACED-4A75-6696-3B674548C834">
<createdBy>nicolas</createdBy>
<createdTime>2024-10-05 01:51:34 UTC</createdTime>
<ownerDesignName>EFT</ownerDesignName>
<engineerTo>
<item key="59338A95-B528-DCF9-9E61-0C930A6BDE3C" value="true"/>
</engineerTo>
<sourcePk>4F99B01A-F535-6DD4-20C9-69688C772BDC</sourcePk>
<identifying>false</identifying>
<nameOnSource>Se imparte</nameOnSource>
<nameOnTarget>Se dicta</nameOnTarget>
<optionalSource>false</optionalSource>
<optionalTarget>false</optionalTarget>
<sourceCardinality>*</sourceCardinality>
<sourceEntity>CD35FAC8-CE8B-7E0C-A871-89B1FA25BDB0</sourceEntity>
<targetCardinalityString>*</targetCardinalityString>
<targetEntity>FC30EB44-7694-611F-8EE5-154FC9041927</targetEntity>
<transferable>true</transferable>
<deleteRule>NO ACTION</deleteRule>
<attributes itemClass="oracle.dbtools.crest.model.design.logical.Attribute">
<attribute name="horario_inicio" id="E044D798-A427-D72F-1764-A08DC3599FD3">
<createdBy>nicolas</createdBy>
<createdTime>2024-10-05 03:00:03 UTC</createdTime>
<ownerDesignName>EFT</ownerDesignName>
<engineerTo>
<item key="59338A95-B528-DCF9-9E61-0C930A6BDE3C" value="true"/>
</engineerTo>
<useDomainConstraints>false</useDomainConstraints>
<use>1</use>
<logicalDatatype>LOGDT014</logicalDatatype>
<ownDataTypeParameters>,,</ownDataTypeParameters>
</attribute>
<attribute name="horario_fin" id="AAD67D6E-F03A-98F5-E7C2-304045731B48">
<createdBy>nicolas</createdBy>
<createdTime>2024-10-05 03:01:10 UTC</createdTime>
<ownerDesignName>EFT</ownerDesignName>
<engineerTo>
<item key="59338A95-B528-DCF9-9E61-0C930A6BDE3C" value="true"/>
</engineerTo>
<useDomainConstraints>false</useDomainConstraints>
<use>1</use>
<logicalDatatype>LOGDT014</logicalDatatype>
<ownDataTypeParameters>,,</ownDataTypeParameters>
</attribute>
</attributes>
</Relation>