<?xml version = '1.0' encoding = 'UTF-8'?>
<Relation class="oracle.dbtools.crest.model.design.logical.Relation" name="CONTRATO" directorySegmentName="seg_0" id="4835AD31-62AD-2C73-A1B4-8143766E0A51">
<createdBy>nicolas</createdBy>
<createdTime>2024-10-04 01:47:27 UTC</createdTime>
<ownerDesignName>EFT</ownerDesignName>
<engineerTo>
<item key="59338A95-B528-DCF9-9E61-0C930A6BDE3C" value="true"/>
</engineerTo>
<sourcePk>8946A9BE-A4B1-2229-022B-6279208DC883</sourcePk>
<identifying>false</identifying>
<nameOnSource>Hace clases</nameOnSource>
<nameOnTarget>Tiene</nameOnTarget>
<optionalSource>true</optionalSource>
<optionalTarget>false</optionalTarget>
<sourceCardinality>*</sourceCardinality>
<sourceEntity>C0C49305-DB50-81E8-4F7F-1260D68EBE88</sourceEntity>
<targetCardinalityString>*</targetCardinalityString>
<targetEntity>163CE794-70D5-E526-B526-1F61304C947C</targetEntity>
<transferable>true</transferable>
<deleteRule>NO ACTION</deleteRule>
<attributes itemClass="oracle.dbtools.crest.model.design.logical.Attribute">
<attribute name="tipo" id="0B7B016F-1A3E-67BF-4714-00B7AB771753">
<createdBy>nicolas</createdBy>
<createdTime>2024-10-05 00:44:45 UTC</createdTime>
<ownerDesignName>EFT</ownerDesignName>
<engineerTo>
<item key="59338A95-B528-DCF9-9E61-0C930A6BDE3C" value="true"/>
</engineerTo>
<useDomainConstraints>false</useDomainConstraints>
<use>1</use>
<logicalDatatype>LOGDT025</logicalDatatype>
<dataTypeSize>1 BYTE</dataTypeSize>
<listOfValues>
<valueDef value="D" description="Diurno"/>
<valueDef value="V" description="Vespertino"/>
</listOfValues>
<ownDataTypeParameters>1 BYTE,,</ownDataTypeParameters>
</attribute>
<attribute name="fecha_inicio" id="32640166-FC12-DD96-A925-5B18E1404983">
<createdBy>nicolas</createdBy>
<createdTime>2024-10-05 01:37:27 UTC</createdTime>
<ownerDesignName>EFT</ownerDesignName>
<engineerTo>
<item key="59338A95-B528-DCF9-9E61-0C930A6BDE3C" value="true"/>
</engineerTo>
<useDomainConstraints>false</useDomainConstraints>
<use>1</use>
<logicalDatatype>LOGDT007</logicalDatatype>
<ownDataTypeParameters>,,</ownDataTypeParameters>
</attribute>
<attribute name="estado" id="31DDA3B6-FD5F-54B7-3CB7-B6FA840B5C67">
<createdBy>nicolas</createdBy>
<createdTime>2024-10-05 01:38:16 UTC</createdTime>
<ownerDesignName>EFT</ownerDesignName>
<engineerTo>
<item key="59338A95-B528-DCF9-9E61-0C930A6BDE3C" value="true"/>
</engineerTo>
<constraintName>restriccion_estado</constraintName>
<useDomainConstraints>false</useDomainConstraints>
<use>1</use>
<logicalDatatype>LOGDT025</logicalDatatype>
<dataTypeSize>1 BYTE</dataTypeSize>
<listOfValues>
<valueDef value="A" description="Activo"/>
<valueDef value="I" description="Inactivo"/>
</listOfValues>
<ownDataTypeParameters>1 BYTE,,</ownDataTypeParameters>
</attribute>
</attributes>
</Relation>