<?xml version = '1.0' encoding = 'UTF-8'?>
<Relation class="oracle.dbtools.crest.model.design.logical.Relation" name="POSTULACION" directorySegmentName="seg_0" id="4F1C3B8F-CDE6-A2BF-BC40-857D7689CA76">
<createdBy>nicolas</createdBy>
<createdTime>2024-10-04 02:09:25 UTC</createdTime>
<ownerDesignName>EFT</ownerDesignName>
<engineerTo>
<item key="59338A95-B528-DCF9-9E61-0C930A6BDE3C" value="true"/>
</engineerTo>
<sourcePk>6E2F03C1-AACD-4516-47EF-F3E5028360BF</sourcePk>
<identifying>false</identifying>
<nameOnSource>Postula</nameOnSource>
<nameOnTarget>Postula</nameOnTarget>
<optionalSource>true</optionalSource>
<optionalTarget>true</optionalTarget>
<sourceCardinality>*</sourceCardinality>
<sourceEntity>163CE794-70D5-E526-B526-1F61304C947C</sourceEntity>
<targetCardinalityString>*</targetCardinalityString>
<targetEntity>E3EB245E-EBCE-A54A-1FE5-5FBF1DA4BD6E</targetEntity>
<transferable>true</transferable>
<deleteRule>NO ACTION</deleteRule>
<attributes itemClass="oracle.dbtools.crest.model.design.logical.Attribute">
<attribute name="fecha" id="746C1DFC-AE3C-D40B-B00B-9F42249D349A">
<createdBy>nicolas</createdBy>
<createdTime>2024-10-04 02:11:56 UTC</createdTime>
<ownerDesignName>EFT</ownerDesignName>
<engineerTo>
<item key="59338A95-B528-DCF9-9E61-0C930A6BDE3C" value="true"/>
</engineerTo>
<useDomainConstraints>false</useDomainConstraints>
<use>1</use>
<logicalDatatype>LOGDT007</logicalDatatype>
<ownDataTypeParameters>,,</ownDataTypeParameters>
</attribute>
<attribute name="cod_postulacion" id="771980C3-4D00-A76F-BB3E-51D70C0FF99F">
<createdBy>nicolas</createdBy>
<createdTime>2024-10-04 23:54:25 UTC</createdTime>
<ownerDesignName>EFT</ownerDesignName>
<engineerTo>
<item key="59338A95-B528-DCF9-9E61-0C930A6BDE3C" value="true"/>
</engineerTo>
<useDomainConstraints>false</useDomainConstraints>
<use>1</use>
<logicalDatatype>LOGDT025</logicalDatatype>
<dataTypeSize>5 BYTE</dataTypeSize>
<ownDataTypeParameters>5 BYTE,,</ownDataTypeParameters>
</attribute>
</attributes>
</Relation>