<?xml version = '1.0' encoding = 'UTF-8'?>
<Relation class="oracle.dbtools.crest.model.design.logical.Relation" name="ESPACIO_CURSO" directorySegmentName="seg_0" id="60C0A833-F090-BBE4-3D6C-1DA78EB4EFB8">
<createdBy>nicolas</createdBy>
<createdTime>2024-10-05 02:15:44 UTC</createdTime>
<ownerDesignName>EFT</ownerDesignName>
<engineerTo>
<item key="59338A95-B528-DCF9-9E61-0C930A6BDE3C" value="true"/>
</engineerTo>
<sourcePk>4F99B01A-F535-6DD4-20C9-69688C772BDC</sourcePk>
<targetPk>E110E266-4B42-827A-ED71-182A88E3295C</targetPk>
<identifying>false</identifying>
<nameOnSource>Dicta</nameOnSource>
<nameOnTarget>Se imparte</nameOnTarget>
<optionalSource>false</optionalSource>
<optionalTarget>false</optionalTarget>
<sourceCardinality>*</sourceCardinality>
<sourceEntity>CD35FAC8-CE8B-7E0C-A871-89B1FA25BDB0</sourceEntity>
<targetCardinalityString>1</targetCardinalityString>
<targetEntity>CBBB3E88-B83B-DFCD-8C91-70D28C08FA8C</targetEntity>
<transferable>true</transferable>
<deleteRule>NO ACTION</deleteRule>
</Relation>