<?xml version = '1.0' encoding = 'UTF-8'?>
<Relation class="oracle.dbtools.crest.model.design.logical.Relation" name="PROFESOR_CURSO" directorySegmentName="seg_0" id="869779BC-152C-81F6-B1E3-AB8276750420">
<createdBy>nicolas</createdBy>
<createdTime>2024-10-05 01:01:05 UTC</createdTime>
<ownerDesignName>EFT</ownerDesignName>
<engineerTo>
<item key="59338A95-B528-DCF9-9E61-0C930A6BDE3C" value="true"/>
</engineerTo>
<sourcePk>8946A9BE-A4B1-2229-022B-6279208DC883</sourcePk>
<identifying>false</identifying>
<nameOnSource>Dicta</nameOnSource>
<nameOnTarget>Es dictado</nameOnTarget>
<optionalSource>false</optionalSource>
<optionalTarget>false</optionalTarget>
<sourceCardinality>1</sourceCardinality>
<sourceEntity>C0C49305-DB50-81E8-4F7F-1260D68EBE88</sourceEntity>
<targetCardinalityString>*</targetCardinalityString>
<targetEntity>CD35FAC8-CE8B-7E0C-A871-89B1FA25BDB0</targetEntity>
<transferable>true</transferable>
<deleteRule>NO ACTION</deleteRule>
</Relation>