<?xml version = '1.0' encoding = 'UTF-8'?>
<Relation class="oracle.dbtools.crest.model.design.logical.Relation" name="REGION_COMUNA" directorySegmentName="seg_0" id="A69F81CA-6BE0-A4B6-8D6E-E3051451FC5D">
<createdBy>nicolas</createdBy>
<createdTime>2024-10-04 23:58:04 UTC</createdTime>
<ownerDesignName>EFT</ownerDesignName>
<engineerTo>
<item key="59338A95-B528-DCF9-9E61-0C930A6BDE3C" value="true"/>
</engineerTo>
<sourcePk>77CAF3FD-1B5D-C7CF-9A24-ED1CE176F932</sourcePk>
<targetPk>C3733307-5555-494A-5064-330CDFDB1DA7</targetPk>
<identifying>false</identifying>
<nameOnSource>Tiene</nameOnSource>
<nameOnTarget>Esta</nameOnTarget>
<optionalSource>false</optionalSource>
<optionalTarget>false</optionalTarget>
<sourceCardinality>1</sourceCardinality>
<sourceEntity>9823A150-5B45-AB30-9446-8AA5936584B0</sourceEntity>
<targetCardinalityString>*</targetCardinalityString>
<targetEntity>DD3A44C3-3049-8B33-13BB-0D583026A1B6</targetEntity>
<transferable>true</transferable>
<deleteRule>NO ACTION</deleteRule>
</Relation>