<?xml version = '1.0' encoding = 'UTF-8'?>
<Relation class="oracle.dbtools.crest.model.design.logical.Relation" name="BANCO_CUENTA" directorySegmentName="seg_0" id="B6CAFB1F-2F8A-0F6E-BF73-0EB7BBD22F2F">
<createdBy>nicolas</createdBy>
<createdTime>2024-10-05 03:19:05 UTC</createdTime>
<ownerDesignName>EFT</ownerDesignName>
<engineerTo>
<item key="59338A95-B528-DCF9-9E61-0C930A6BDE3C" value="true"/>
</engineerTo>
<sourcePk>D6CA1420-129C-0AC5-A1F3-B3B47D69D01B</sourcePk>
<identifying>false</identifying>
<nameOnSource>Tiene</nameOnSource>
<nameOnTarget>Pertenece</nameOnTarget>
<optionalSource>false</optionalSource>
<optionalTarget>false</optionalTarget>
<sourceCardinality>1</sourceCardinality>
<sourceEntity>01DA5854-40CF-04EE-B865-49C7E76DED5F</sourceEntity>
<targetCardinalityString>*</targetCardinalityString>
<targetEntity>1DB861A3-7E99-0CA7-B530-7B33EB9FABD6</targetEntity>
<transferable>true</transferable>
<deleteRule>NO ACTION</deleteRule>
</Relation>