<?xml version = '1.0' encoding = 'UTF-8'?>
<Relation class="oracle.dbtools.crest.model.design.logical.Relation" name="ACADEMIA_CURSO" directorySegmentName="seg_0" id="CA7349AD-6D4F-7F6F-764E-19346EA6AA2A">
<createdBy>nicolas</createdBy>
<createdTime>2024-10-04 01:45:15 UTC</createdTime>
<ownerDesignName>EFT</ownerDesignName>
<engineerTo>
<item key="59338A95-B528-DCF9-9E61-0C930A6BDE3C" value="true"/>
</engineerTo>
<sourcePk>6E2F03C1-AACD-4516-47EF-F3E5028360BF</sourcePk>
<targetPk>4F99B01A-F535-6DD4-20C9-69688C772BDC</targetPk>
<identifying>false</identifying>
<nameOnSource>Tiene</nameOnSource>
<nameOnTarget>Es parte</nameOnTarget>
<optionalSource>false</optionalSource>
<optionalTarget>false</optionalTarget>
<sourceCardinality>1</sourceCardinality>
<sourceEntity>163CE794-70D5-E526-B526-1F61304C947C</sourceEntity>
<targetCardinalityString>*</targetCardinalityString>
<targetEntity>CD35FAC8-CE8B-7E0C-A871-89B1FA25BDB0</targetEntity>
<transferable>true</transferable>
<deleteRule>NO ACTION</deleteRule>
</Relation>