<?xml version = '1.0' encoding = 'UTF-8'?>
<Relation class="oracle.dbtools.crest.model.design.logical.Relation" name="ACADEMIA_COMUNA" directorySegmentName="seg_0" id="CAA77231-7693-2FED-8865-4CC38E3C8842">
<createdBy>nicolas</createdBy>
<createdTime>2024-10-04 21:48:31 UTC</createdTime>
<ownerDesignName>EFT</ownerDesignName>
<engineerTo>
<item key="59338A95-B528-DCF9-9E61-0C930A6BDE3C" value="true"/>
</engineerTo>
<sourcePk>C3733307-5555-494A-5064-330CDFDB1DA7</sourcePk>
<identifying>false</identifying>
<nameOnSource>Hay</nameOnSource>
<nameOnTarget>Esta</nameOnTarget>
<optionalSource>false</optionalSource>
<optionalTarget>false</optionalTarget>
<sourceCardinality>1</sourceCardinality>
<sourceEntity>DD3A44C3-3049-8B33-13BB-0D583026A1B6</sourceEntity>
<targetCardinalityString>*</targetCardinalityString>
<targetEntity>163CE794-70D5-E526-B526-1F61304C947C</targetEntity>
<transferable>true</transferable>
<deleteRule>NO ACTION</deleteRule>
</Relation>