<?xml version = '1.0' encoding = 'UTF-8'?>
<Relation class="oracle.dbtools.crest.model.design.logical.Relation" name="ESPACIO_MUNICIPALIDAD" directorySegmentName="seg_0" id="E6A514C7-06D7-00D3-F8F4-38CB6D0CFC5C">
<createdBy>nicolas</createdBy>
<createdTime>2024-10-04 01:42:24 UTC</createdTime>
<ownerDesignName>EFT</ownerDesignName>
<engineerTo>
<item key="59338A95-B528-DCF9-9E61-0C930A6BDE3C" value="true"/>
</engineerTo>
<sourcePk>B1A631B5-A9F4-7A28-CCA3-258F835A661F</sourcePk>
<identifying>false</identifying>
<nameOnSource>Tiene</nameOnSource>
<nameOnTarget>Depende de</nameOnTarget>
<optionalSource>false</optionalSource>
<optionalTarget>false</optionalTarget>
<sourceCardinality>1</sourceCardinality>
<sourceEntity>FE0B59B7-B1E4-F036-09BC-FE85D5277522</sourceEntity>
<targetCardinalityString>*</targetCardinalityString>
<targetEntity>CBBB3E88-B83B-DFCD-8C91-70D28C08FA8C</targetEntity>
<transferable>true</transferable>
<deleteRule>NO ACTION</deleteRule>
</Relation>