<?xml version = '1.0' encoding = 'UTF-8'?>
<Relation class="oracle.dbtools.crest.model.design.logical.InheritanceRelation" name="Hierarchy_1" directorySegmentName="seg_0" id="0D898662-619F-52AB-6F4D-E0E65FCE610E">
<createdBy>nicolas</createdBy>
<createdTime>2024-10-04 01:26:30 UTC</createdTime>
<ownerDesignName>EFT</ownerDesignName>
<engineerTo>
<item key="59338A95-B528-DCF9-9E61-0C930A6BDE3C" value="true"/>
</engineerTo>
<identifying>false</identifying>
<nameOnSource>Super Type</nameOnSource>
<nameOnTarget>Sub Type</nameOnTarget>
<optionalSource>true</optionalSource>
<optionalTarget>true</optionalTarget>
<sourceEntity>C0C49305-DB50-81E8-4F7F-1260D68EBE88</sourceEntity>
<targetEntity>B1791741-F5B2-AEFE-154E-4532F2622D5C</targetEntity>
<transferable>true</transferable>
<deleteRule>NO ACTION</deleteRule>
</Relation>