<?xml version = '1.0' encoding = 'UTF-8'?>
<FKArc class="oracle.dbtools.crest.model.design.relational.FKArc" directorySegmentName="seg_0" id="079BC636-0DEF-0E54-43C7-1E029DACFA87" name="arco_profesor">
<createdBy>nicolas</createdBy>
<createdTime>2024-10-05 03:51:35 UTC</createdTime>
<ownerDesignName>EFT</ownerDesignName>
<mandatory>false</mandatory>
<reverseArc>true</reverseArc>
<table>9459D6E7-6023-0960-2742-71FBAE658C52</table>
<discriminatorColumn>537C9A79-5C4E-E26D-A6FE-71698F138923</discriminatorColumn>
<fkeys>
<fkeyID>7220ADCB-FF28-8728-1E4B-E59E00F16471</fkeyID>
<fkeyID>3846CAB6-616A-04CC-4E65-6024EB096ECC</fkeyID>
</fkeys>
</FKArc>