<?xml version = '1.0' encoding = 'UTF-8'?>
<Diagram class="oracle.dbtools.crest.swingui.logical.DPVLogical" name="Logical" id="61CF85BD-CDAD-CE04-9D00-1F9DA6E60994">
<createdBy>nicolas</createdBy>
<modifiedBy>nicolas</modifiedBy>
<createdTime>2024-10-03 22:36:10 UTC</createdTime>
<autoRoute>false</autoRoute>
<boxInbox>true</boxInbox>
<showLegend>false</showLegend>
<showLabels>true</showLabels>
<showRelAttributes>true</showRelAttributes>
<gridEnabled>false</gridEnabled>
<showGrid>false</showGrid>
<diagramColor>-1</diagramColor>
<display>false</display>
<notation>1</notation>
<objectViews>
<OView class="oracle.dbtools.crest.swingui.logical.TVEntity" oid="01DA5854-40CF-04EE-B865-49C7E76DED5F" otype="Entity" vid="5D578D3E-0EA5-FBEF-438A-86AEB7BCEC20">
<hideElementsInCurrentOnly>false</hideElementsInCurrentOnly>
<bounds x="559" y="84" width="197" height="93"/>
</OView>
<OView class="oracle.dbtools.crest.swingui.logical.TVEntity" oid="163CE794-70D5-E526-B526-1F61304C947C" otype="Entity" vid="F82BE31E-ECC6-16AD-6049-F29897620A4B">
<hideElementsInCurrentOnly>false</hideElementsInCurrentOnly>
<bounds x="984" y="447" width="227" height="205"/>
</OView>
<OView class="oracle.dbtools.crest.swingui.logical.TVEntity" oid="1DB861A3-7E99-0CA7-B530-7B33EB9FABD6" otype="Entity" vid="070ECDE7-EB10-350D-A3DB-BD2021CC8C19">
<hideElementsInCurrentOnly>false</hideElementsInCurrentOnly>
<bounds x="545" y="298" width="227" height="119"/>
</OView>
<OView class="oracle.dbtools.crest.swingui.logical.TVEntity" oid="86BE032C-EBDE-85CC-9DCC-5FD4DB442026" otype="Entity" vid="96089426-88F1-A450-FF38-285E82641A38">
<hideElementsInCurrentOnly>false</hideElementsInCurrentOnly>
<bounds x="1115" y="976" width="187" height="52"/>
</OView>
<OView class="oracle.dbtools.crest.swingui.logical.TVEntity" oid="9823A150-5B45-AB30-9446-8AA5936584B0" otype="Entity" vid="D05BDC67-4490-5BD2-3679-FE0F5CDD4225">
<hideElementsInCurrentOnly>false</hideElementsInCurrentOnly>
<bounds x="1754" y="490" width="170" height="119"/>
</OView>
<OView class="oracle.dbtools.crest.swingui.logical.TVEntity" oid="B1791741-F5B2-AEFE-154E-4532F2622D5C" otype="Entity" vid="939CECD0-7BD5-91CF-1485-E308E0766195">
<hideElementsInCurrentOnly>false</hideElementsInCurrentOnly>
<bounds x="1116" y="905" width="211" height="54"/>
</OView>
<OView class="oracle.dbtools.crest.swingui.logical.TVEntity" oid="BA5ABD1A-7F84-4650-1425-8AC5C5D01863" otype="Entity" vid="A60D28D8-1BF3-8100-7266-D28159868A04">
<hideElementsInCurrentOnly>false</hideElementsInCurrentOnly>
<bounds x="978" y="173" width="225" height="139"/>
</OView>
<OView class="oracle.dbtools.crest.swingui.logical.TVEntity" oid="C0C49305-DB50-81E8-4F7F-1260D68EBE88" otype="Entity" vid="EBCEB326-4568-7FB8-F328-C7B0F709DDBF">
<hideElementsInCurrentOnly>false</hideElementsInCurrentOnly>
<bounds x="889" y="882" width="448" height="168"/>
</OView>
<OView class="oracle.dbtools.crest.swingui.logical.TVEntity" oid="CBBB3E88-B83B-DFCD-8C91-70D28C08FA8C" otype="Entity" vid="EDFB7807-BECC-1F2B-22C9-DCF969C65A27">
<hideElementsInCurrentOnly>false</hideElementsInCurrentOnly>
<bounds x="994" y="0" width="197" height="123"/>
</OView>
<OView class="oracle.dbtools.crest.swingui.logical.TVEntity" oid="CD35FAC8-CE8B-7E0C-A871-89B1FA25BDB0" otype="Entity" vid="C4B1DD85-C961-4400-8BA8-B1FE9CE033E5">
<hideElementsInCurrentOnly>false</hideElementsInCurrentOnly>
<bounds x="334" y="469" width="202" height="137"/>
</OView>
<OView class="oracle.dbtools.crest.swingui.logical.TVEntity" oid="DD3A44C3-3049-8B33-13BB-0D583026A1B6" otype="Entity" vid="6AECEC19-A0D9-32EB-0077-67F6DFAEA796">
<hideElementsInCurrentOnly>false</hideElementsInCurrentOnly>
<bounds x="1401" y="499" width="170" height="117"/>
</OView>
<OView class="oracle.dbtools.crest.swingui.logical.TVEntity" oid="E3EB245E-EBCE-A54A-1FE5-5FBF1DA4BD6E" otype="Entity" vid="9E791234-FA3E-AD1B-51DE-26DB852D542B">
<hideElementsInCurrentOnly>false</hideElementsInCurrentOnly>
<bounds x="1462" y="747" width="208" height="138"/>
</OView>
<OView class="oracle.dbtools.crest.swingui.logical.TVEntity" oid="FC30EB44-7694-611F-8EE5-154FC9041927" otype="Entity" vid="439FFC76-27F7-95E1-0908-22640E6E0E65">
<hideElementsInCurrentOnly>false</hideElementsInCurrentOnly>
<bounds x="72" y="670" width="170" height="116"/>
</OView>
<OView class="oracle.dbtools.crest.swingui.logical.TVEntity" oid="FE0B59B7-B1E4-F036-09BC-FE85D5277522" otype="Entity" vid="8096D098-ACBF-DA71-B178-0C961080413C">
<hideElementsInCurrentOnly>false</hideElementsInCurrentOnly>
<bounds x="1364" y="0" width="200" height="98"/>
</OView>
</objectViews>
<connectors>
<Connector class="oracle.dbtools.crest.swingui.logical.TVInheritanceRelation" oid="0D898662-619F-52AB-6F4D-E0E65FCE610E" otype="Hierarchy relation" vid_source="EBCEB326-4568-7FB8-F328-C7B0F709DDBF" vid_target="939CECD0-7BD5-91CF-1485-E308E0766195">
<hideElementsInCurrentOnly>false</hideElementsInCurrentOnly>
<backgroundColor>-65536</backgroundColor>
<lineWidth>1</lineWidth>
</Connector>
<Connector class="oracle.dbtools.crest.swingui.logical.TVRelation" oid="2FD42EF4-6D5F-2A65-4D71-8842DE48F09E" otype="Relation" vid_source="6AECEC19-A0D9-32EB-0077-67F6DFAEA796" vid_target="8096D098-ACBF-DA71-B178-0C961080413C">
<hideElementsInCurrentOnly>false</hideElementsInCurrentOnly>
<backgroundColor>-16777216</backgroundColor>
<lineWidth>1</lineWidth>
<sourceLabel class="oracle.dbtools.crest.model.design.Label">
<site>0</site>
<labelBounds x="1482" y="446" width="42" height="31"/>
<noBackgroundColor>true</noBackgroundColor>
<noForegroundColor>true</noForegroundColor>
</sourceLabel>
<targetLabel class="oracle.dbtools.crest.model.design.Label">
<site>2</site>
<labelBounds x="1482" y="143" width="73" height="31"/>
<noBackgroundColor>true</noBackgroundColor>
<noForegroundColor>true</noForegroundColor>
</targetLabel>
<points>
<point x="1482" y="499"/>
<point x="1482" y="98"/>
</points>
</Connector>
<Connector class="oracle.dbtools.crest.swingui.logical.TVRelation" oid="42399874-CA76-6477-4DC9-5131270FE98F" otype="Relation" vid_source="A60D28D8-1BF3-8100-7266-D28159868A04" vid_target="F82BE31E-ECC6-16AD-6049-F29897620A4B">
<hideElementsInCurrentOnly>false</hideElementsInCurrentOnly>
<backgroundColor>-16777216</backgroundColor>
<lineWidth>1</lineWidth>
<sourceLabel class="oracle.dbtools.crest.model.design.Label">
<site>0</site>
<labelBounds x="1108" y="348" width="44" height="30"/>
<noBackgroundColor>true</noBackgroundColor>
<noForegroundColor>true</noForegroundColor>
</sourceLabel>
<targetLabel class="oracle.dbtools.crest.model.design.Label">
<site>2</site>
<labelBounds x="1108" y="379" width="53" height="30"/>
<noBackgroundColor>true</noBackgroundColor>
<noForegroundColor>true</noForegroundColor>
</targetLabel>
<points>
<point x="1108" y="312"/>
<point x="1108" y="447"/>
</points>
</Connector>
<Connector class="oracle.dbtools.crest.swingui.logical.TVRelation" oid="44FC29CB-BF66-D11E-268A-7DD8380AF8BC" otype="Relation" vid_source="F82BE31E-ECC6-16AD-6049-F29897620A4B" vid_target="070ECDE7-EB10-350D-A3DB-BD2021CC8C19">
<hideElementsInCurrentOnly>false</hideElementsInCurrentOnly>
<backgroundColor>-16777216</backgroundColor>
<lineWidth>1</lineWidth>
<sourceLabel class="oracle.dbtools.crest.model.design.Label">
<site>0</site>
<labelBounds x="936" y="426" width="42" height="30"/>
<noBackgroundColor>true</noBackgroundColor>
<noForegroundColor>true</noForegroundColor>
</sourceLabel>
<targetLabel class="oracle.dbtools.crest.model.design.Label">
<site>2</site>
<labelBounds x="664" y="461" width="64" height="30"/>
<noBackgroundColor>true</noBackgroundColor>
<noForegroundColor>true</noForegroundColor>
</targetLabel>
<points>
<point x="984" y="456"/>
<point x="664" y="456"/>
<point x="664" y="417"/>
</points>
</Connector>
<Connector class="oracle.dbtools.crest.swingui.logical.TVRelation" oid="44FD3BE4-ACED-4A75-6696-3B674548C834" otype="Relation" vid_source="C4B1DD85-C961-4400-8BA8-B1FE9CE033E5" vid_target="439FFC76-27F7-95E1-0908-22640E6E0E65">
<hideElementsInCurrentOnly>false</hideElementsInCurrentOnly>
<backgroundColor>-16777216</backgroundColor>
<lineWidth>1</lineWidth>
<centerLabel class="oracle.dbtools.crest.model.design.Label">
<site>1</site>
<labelBounds x="27" y="11" width="136" height="52"/>
<noBackgroundColor>true</noBackgroundColor>
<noForegroundColor>true</noForegroundColor>
</centerLabel>
<sourceLabel class="oracle.dbtools.crest.model.design.Label">
<site>0</site>
<labelBounds x="248" y="495" width="80" height="37"/>
<noBackgroundColor>true</noBackgroundColor>
<noForegroundColor>true</noForegroundColor>
</sourceLabel>
<targetLabel class="oracle.dbtools.crest.model.design.Label">
<site>2</site>
<labelBounds x="157" y="633" width="68" height="31"/>
<noBackgroundColor>true</noBackgroundColor>
<noForegroundColor>true</noForegroundColor>
</targetLabel>
<points>
<point x="334" y="532"/>
<point x="157" y="532"/>
<point x="157" y="670"/>
</points>
</Connector>
<Connector class="oracle.dbtools.crest.swingui.logical.TVRelation" oid="4835AD31-62AD-2C73-A1B4-8143766E0A51" otype="Relation" vid_source="EBCEB326-4568-7FB8-F328-C7B0F709DDBF" vid_target="F82BE31E-ECC6-16AD-6049-F29897620A4B">
<hideElementsInCurrentOnly>false</hideElementsInCurrentOnly>
<backgroundColor>-16777216</backgroundColor>
<lineWidth>1</lineWidth>
<centerLabel class="oracle.dbtools.crest.model.design.Label">
<site>1</site>
<labelBounds x="206" y="200" width="165" height="55"/>
<noBackgroundColor>true</noBackgroundColor>
<noForegroundColor>true</noForegroundColor>
</centerLabel>
<sourceLabel class="oracle.dbtools.crest.model.design.Label">
<site>0</site>
<labelBounds x="818" y="878" width="65" height="31"/>
<noBackgroundColor>true</noBackgroundColor>
<noForegroundColor>true</noForegroundColor>
</sourceLabel>
<targetLabel class="oracle.dbtools.crest.model.design.Label">
<site>2</site>
<labelBounds x="936" y="606" width="42" height="31"/>
<noBackgroundColor>true</noBackgroundColor>
<noForegroundColor>true</noForegroundColor>
</targetLabel>
<points>
<point x="889" y="909"/>
<point x="681" y="909"/>
<point x="680" y="603"/>
<point x="984" y="603"/>
</points>
</Connector>
<Connector class="oracle.dbtools.crest.swingui.logical.TVRelation" oid="4F1C3B8F-CDE6-A2BF-BC40-857D7689CA76" otype="Relation" vid_source="F82BE31E-ECC6-16AD-6049-F29897620A4B" vid_target="9E791234-FA3E-AD1B-51DE-26DB852D542B">
<hideElementsInCurrentOnly>false</hideElementsInCurrentOnly>
<backgroundColor>-16777216</backgroundColor>
<lineWidth>1</lineWidth>
<centerLabel class="oracle.dbtools.crest.model.design.Label">
<site>1</site>
<labelBounds x="856" y="368" width="198" height="52"/>
<noBackgroundColor>true</noBackgroundColor>
<noForegroundColor>true</noForegroundColor>
</centerLabel>
<sourceLabel class="oracle.dbtools.crest.model.design.Label">
<site>0</site>
<labelBounds x="1109" y="729" width="50" height="31"/>
<noBackgroundColor>true</noBackgroundColor>
<noForegroundColor>true</noForegroundColor>
</sourceLabel>
<targetLabel class="oracle.dbtools.crest.model.design.Label">
<site>2</site>
<labelBounds x="1395" y="807" width="61" height="31"/>
<noBackgroundColor>true</noBackgroundColor>
<noForegroundColor>true</noForegroundColor>
</targetLabel>
<points>
<point x="1109" y="652"/>
<point x="1109" y="804"/>
<point x="1462" y="804"/>
</points>
</Connector>
<Connector class="oracle.dbtools.crest.swingui.logical.TVRelation" oid="60C0A833-F090-BBE4-3D6C-1DA78EB4EFB8" otype="Relation" vid_source="C4B1DD85-C961-4400-8BA8-B1FE9CE033E5" vid_target="EDFB7807-BECC-1F2B-22C9-DCF969C65A27">
<hideElementsInCurrentOnly>false</hideElementsInCurrentOnly>
<backgroundColor>-16777216</backgroundColor>
<lineWidth>1</lineWidth>
<sourceLabel class="oracle.dbtools.crest.model.design.Label">
<site>0</site>
<labelBounds x="432" y="417" width="40" height="30"/>
<noBackgroundColor>true</noBackgroundColor>
<noForegroundColor>true</noForegroundColor>
</sourceLabel>
<targetLabel class="oracle.dbtools.crest.model.design.Label">
<site>2</site>
<labelBounds x="921" y="46" width="67" height="30"/>
<noBackgroundColor>true</noBackgroundColor>
<noForegroundColor>true</noForegroundColor>
</targetLabel>
<points>
<point x="432" y="469"/>
<point x="432" y="43"/>
<point x="994" y="43"/>
</points>
</Connector>
<Connector class="oracle.dbtools.crest.swingui.logical.TVRelation" oid="869779BC-152C-81F6-B1E3-AB8276750420" otype="Relation" vid_source="EBCEB326-4568-7FB8-F328-C7B0F709DDBF" vid_target="C4B1DD85-C961-4400-8BA8-B1FE9CE033E5">
<hideElementsInCurrentOnly>false</hideElementsInCurrentOnly>
<backgroundColor>-16777216</backgroundColor>
<lineWidth>1</lineWidth>
<sourceLabel class="oracle.dbtools.crest.model.design.Label">
<site>0</site>
<labelBounds x="843" y="974" width="40" height="31"/>
<noBackgroundColor>true</noBackgroundColor>
<noForegroundColor>true</noForegroundColor>
</sourceLabel>
<targetLabel class="oracle.dbtools.crest.model.design.Label">
<site>2</site>
<labelBounds x="436" y="651" width="64" height="31"/>
<noBackgroundColor>true</noBackgroundColor>
<noForegroundColor>true</noForegroundColor>
</targetLabel>
<points>
<point x="889" y="1005"/>
<point x="436" y="1005"/>
<point x="436" y="606"/>
</points>
</Connector>
<Connector class="oracle.dbtools.crest.swingui.logical.TVRelation" oid="A69F81CA-6BE0-A4B6-8D6E-E3051451FC5D" otype="Relation" vid_source="D05BDC67-4490-5BD2-3679-FE0F5CDD4225" vid_target="6AECEC19-A0D9-32EB-0077-67F6DFAEA796">
<hideElementsInCurrentOnly>false</hideElementsInCurrentOnly>
<backgroundColor>-16777216</backgroundColor>
<lineWidth>1</lineWidth>
<sourceLabel class="oracle.dbtools.crest.model.design.Label">
<site>0</site>
<labelBounds x="1707" y="522" width="41" height="32"/>
<noBackgroundColor>true</noBackgroundColor>
<noForegroundColor>true</noForegroundColor>
</sourceLabel>
<targetLabel class="oracle.dbtools.crest.model.design.Label">
<site>2</site>
<labelBounds x="1581" y="557" width="35" height="19"/>
<noBackgroundColor>true</noBackgroundColor>
<noForegroundColor>true</noForegroundColor>
</targetLabel>
<points>
<point x="1754" y="554"/>
<point x="1571" y="554"/>
</points>
</Connector>
<Connector class="oracle.dbtools.crest.swingui.logical.TVRelation" oid="B6CAFB1F-2F8A-0F6E-BF73-0EB7BBD22F2F" otype="Relation" vid_source="5D578D3E-0EA5-FBEF-438A-86AEB7BCEC20" vid_target="070ECDE7-EB10-350D-A3DB-BD2021CC8C19">
<hideElementsInCurrentOnly>false</hideElementsInCurrentOnly>
<backgroundColor>-16777216</backgroundColor>
<lineWidth>1</lineWidth>
<sourceLabel class="oracle.dbtools.crest.model.design.Label">
<site>0</site>
<labelBounds x="657" y="213" width="42" height="30"/>
<noBackgroundColor>true</noBackgroundColor>
<noForegroundColor>true</noForegroundColor>
</sourceLabel>
<targetLabel class="oracle.dbtools.crest.model.design.Label">
<site>2</site>
<labelBounds x="657" y="262" width="64" height="30"/>
<noBackgroundColor>true</noBackgroundColor>
<noForegroundColor>true</noForegroundColor>
</targetLabel>
<points>
<point x="657" y="177"/>
<point x="657" y="298"/>
</points>
</Connector>
<Connector class="oracle.dbtools.crest.swingui.logical.TVRelation" oid="CA7349AD-6D4F-7F6F-764E-19346EA6AA2A" otype="Relation" vid_source="F82BE31E-ECC6-16AD-6049-F29897620A4B" vid_target="C4B1DD85-C961-4400-8BA8-B1FE9CE033E5">
<hideElementsInCurrentOnly>false</hideElementsInCurrentOnly>
<backgroundColor>-16777216</backgroundColor>
<lineWidth>1</lineWidth>
<sourceLabel class="oracle.dbtools.crest.model.design.Label">
<site>0</site>
<labelBounds x="925" y="505" width="53" height="32"/>
<noBackgroundColor>true</noBackgroundColor>
<noForegroundColor>true</noForegroundColor>
</sourceLabel>
<targetLabel class="oracle.dbtools.crest.model.design.Label">
<site>2</site>
<labelBounds x="546" y="540" width="86" height="32"/>
<noBackgroundColor>true</noBackgroundColor>
<noForegroundColor>true</noForegroundColor>
</targetLabel>
<points>
<point x="984" y="537"/>
<point x="536" y="537"/>
</points>
</Connector>
<Connector class="oracle.dbtools.crest.swingui.logical.TVRelation" oid="CAA77231-7693-2FED-8865-4CC38E3C8842" otype="Relation" vid_source="6AECEC19-A0D9-32EB-0077-67F6DFAEA796" vid_target="F82BE31E-ECC6-16AD-6049-F29897620A4B">
<hideElementsInCurrentOnly>false</hideElementsInCurrentOnly>
<backgroundColor>-16777216</backgroundColor>
<lineWidth>1</lineWidth>
<sourceLabel class="oracle.dbtools.crest.model.design.Label">
<site>0</site>
<labelBounds x="1362" y="526" width="33" height="31"/>
<noBackgroundColor>true</noBackgroundColor>
<noForegroundColor>true</noForegroundColor>
</sourceLabel>
<targetLabel class="oracle.dbtools.crest.model.design.Label">
<site>2</site>
<labelBounds x="1221" y="560" width="35" height="31"/>
<noBackgroundColor>true</noBackgroundColor>
<noForegroundColor>true</noForegroundColor>
</targetLabel>
<points>
<point x="1401" y="557"/>
<point x="1211" y="557"/>
</points>
</Connector>
<Connector class="oracle.dbtools.crest.swingui.logical.TVRelation" oid="E6A514C7-06D7-00D3-F8F4-38CB6D0CFC5C" otype="Relation" vid_source="8096D098-ACBF-DA71-B178-0C961080413C" vid_target="EDFB7807-BECC-1F2B-22C9-DCF969C65A27">
<hideElementsInCurrentOnly>false</hideElementsInCurrentOnly>
<backgroundColor>-16777216</backgroundColor>
<lineWidth>1</lineWidth>
<sourceLabel class="oracle.dbtools.crest.model.design.Label">
<site>0</site>
<labelBounds x="1322" y="15" width="36" height="34"/>
<noBackgroundColor>true</noBackgroundColor>
<noForegroundColor>true</noForegroundColor>
</sourceLabel>
<targetLabel class="oracle.dbtools.crest.model.design.Label">
<site>2</site>
<labelBounds x="1201" y="52" width="77" height="36"/>
<noBackgroundColor>true</noBackgroundColor>
<noForegroundColor>true</noForegroundColor>
</targetLabel>
<points>
<point x="1364" y="49"/>
<point x="1191" y="49"/>
</points>
</Connector>
<Connector class="oracle.dbtools.crest.swingui.logical.TVInheritanceRelation" oid="EDB9008A-08A0-400B-E075-CF842785E748" otype="Hierarchy relation" vid_source="EBCEB326-4568-7FB8-F328-C7B0F709DDBF" vid_target="96089426-88F1-A450-FF38-285E82641A38">
<hideElementsInCurrentOnly>false</hideElementsInCurrentOnly>
<backgroundColor>-65536</backgroundColor>
<lineWidth>1</lineWidth>
</Connector>
</connectors>
</Diagram>