<?xml version = '1.0' encoding = 'UTF-8'?>
<Entity class="oracle.dbtools.crest.model.design.logical.Entity" directorySegmentName="seg_0" id="163CE794-70D5-E526-B526-1F61304C947C" name="ACADEMIA">
<createdBy>nicolas</createdBy>
<createdTime>2024-10-03 22:36:10 UTC</createdTime>
<ownerDesignName>EFT</ownerDesignName>
<engineerTo>
<item key="59338A95-B528-DCF9-9E61-0C930A6BDE3C" value="true"/>
</engineerTo>
<adequatelyNormalized>NO</adequatelyNormalized>
<expectedVolumes>0</expectedVolumes>
<fwdEngineeringStrategyName>Single Table</fwdEngineeringStrategyName>
<growthPercent>0</growthPercent>
<growthType>Year</growthType>
<maxVolumes>9999999</maxVolumes>
<minVolumes>0</minVolumes>
<normalForm>Third</normalForm>
<attributes itemClass="oracle.dbtools.crest.model.design.logical.Attribute">
<Attribute name="id_academia" id="A7F60CE3-BB3F-0ACE-1D3F-65E7ABAC2757">
<createdBy>nicolas</createdBy>
<createdTime>2024-10-03 22:36:22 UTC</createdTime>
<ownerDesignName>EFT</ownerDesignName>
<engineerTo>
<item key="59338A95-B528-DCF9-9E61-0C930A6BDE3C" value="true"/>
</engineerTo>
<useDomainConstraints>false</useDomainConstraints>
<use>1</use>
<logicalDatatype>LOGDT025</logicalDatatype>
<dataTypeSize>5 BYTE</dataTypeSize>
<ownDataTypeParameters>5 BYTE,,</ownDataTypeParameters>
</Attribute>
<Attribute name="nombre" id="0B241186-086C-63A7-D576-3F12DC6A6ADA">
<createdBy>nicolas</createdBy>
<createdTime>2024-10-03 22:45:36 UTC</createdTime>
<ownerDesignName>EFT</ownerDesignName>
<engineerTo>
<item key="59338A95-B528-DCF9-9E61-0C930A6BDE3C" value="true"/>
</engineerTo>
<useDomainConstraints>false</useDomainConstraints>
<use>1</use>
<logicalDatatype>LOGDT024</logicalDatatype>
<dataTypeSize>25 BYTE</dataTypeSize>
<ownDataTypeParameters>25 BYTE,,</ownDataTypeParameters>
</Attribute>
<Attribute name="tipo" id="643C250F-BAC4-EF2A-4F32-C5526CBE7F45">
<createdBy>nicolas</createdBy>
<createdTime>2024-10-03 23:37:13 UTC</createdTime>
<ownerDesignName>EFT</ownerDesignName>
<engineerTo>
<item key="59338A95-B528-DCF9-9E61-0C930A6BDE3C" value="true"/>
</engineerTo>
<constraintName>restriccion_tipo</constraintName>
<useDomainConstraints>false</useDomainConstraints>
<use>1</use>
<logicalDatatype>LOGDT025</logicalDatatype>
<dataTypeSize>1 BYTE</dataTypeSize>
<listOfValues>
<valueDef value="C" description="Canto"/>
<valueDef value="D" description="Danza"/>
<valueDef value="I" description="Interpretacion"/>
</listOfValues>
<ownDataTypeParameters>1 BYTE,,</ownDataTypeParameters>
</Attribute>
<Attribute name="rut" id="DCAEBFC9-0EFD-A0F3-F02C-1A8110CCAC23">
<createdBy>nicolas</createdBy>
<createdTime>2024-10-03 22:46:03 UTC</createdTime>
<ownerDesignName>EFT</ownerDesignName>
<engineerTo>
<item key="59338A95-B528-DCF9-9E61-0C930A6BDE3C" value="true"/>
</engineerTo>
<useDomainConstraints>false</useDomainConstraints>
<use>1</use>
<logicalDatatype>LOGDT019</logicalDatatype>
<dataTypePrecision>8</dataTypePrecision>
<ownDataTypeParameters>,8,</ownDataTypeParameters>
</Attribute>
<Attribute name="digito_verificador" id="DDB725B9-5E79-E725-9D2F-ABA254ED7BD4">
<createdBy>nicolas</createdBy>
<createdTime>2024-10-03 22:47:09 UTC</createdTime>
<ownerDesignName>EFT</ownerDesignName>
<engineerTo>
<item key="59338A95-B528-DCF9-9E61-0C930A6BDE3C" value="true"/>
</engineerTo>
<constraintName>validacion_rut</constraintName>
<useDomainConstraints>false</useDomainConstraints>
<use>1</use>
<logicalDatatype>LOGDT025</logicalDatatype>
<dataTypeSize>1 BYTE</dataTypeSize>
<listOfValues>
<valueDef value="0" description=""/>
<valueDef value="1" description=""/>
<valueDef value="2" description=""/>
<valueDef value="3" description=""/>
<valueDef value="4" description=""/>
<valueDef value="5" description=""/>
<valueDef value="6" description=""/>
<valueDef value="7" description=""/>
<valueDef value="8" description=""/>
<valueDef value="9" description=""/>
<valueDef value="K" description=""/>
</listOfValues>
<ownDataTypeParameters>1 BYTE,,</ownDataTypeParameters>
</Attribute>
<Attribute name="telefono" id="87D7A03A-D7C4-4E16-BDAF-F1CF0B52617B">
<createdBy>nicolas</createdBy>
<createdTime>2024-10-03 22:54:12 UTC</createdTime>
<ownerDesignName>EFT</ownerDesignName>
<engineerTo>
<item key="59338A95-B528-DCF9-9E61-0C930A6BDE3C" value="true"/>
</engineerTo>
<useDomainConstraints>false</useDomainConstraints>
<use>1</use>
<logicalDatatype>LOGDT019</logicalDatatype>
<dataTypePrecision>9</dataTypePrecision>
<ownDataTypeParameters>,9,</ownDataTypeParameters>
</Attribute>
<Attribute name="email" id="16477822-042C-013E-DDFF-E44D02627F06">
<createdBy>nicolas</createdBy>
<createdTime>2024-10-03 22:54:36 UTC</createdTime>
<ownerDesignName>EFT</ownerDesignName>
<engineerTo>
<item key="59338A95-B528-DCF9-9E61-0C930A6BDE3C" value="true"/>
</engineerTo>
<useDomainConstraints>false</useDomainConstraints>
<use>1</use>
<logicalDatatype>LOGDT024</logicalDatatype>
<dataTypeSize>40 BYTE</dataTypeSize>
<ownDataTypeParameters>40 BYTE,,</ownDataTypeParameters>
</Attribute>
<Attribute name="direccion" id="14440776-C456-30BA-7A00-A5D45FB8716F">
<createdBy>nicolas</createdBy>
<createdTime>2024-10-03 23:27:46 UTC</createdTime>
<ownerDesignName>EFT</ownerDesignName>
<engineerTo>
<item key="59338A95-B528-DCF9-9E61-0C930A6BDE3C" value="true"/>
</engineerTo>
<useDomainConstraints>false</useDomainConstraints>
<use>1</use>
<logicalDatatype>LOGDT024</logicalDatatype>
<dataTypeSize>30 BYTE</dataTypeSize>
<ownDataTypeParameters>30 BYTE,,</ownDataTypeParameters>
</Attribute>
<Attribute name="numero_dir" id="81A49794-B12B-0D62-E6C5-E43D0195BD36">
<createdBy>nicolas</createdBy>
<createdTime>2024-10-03 23:28:38 UTC</createdTime>
<ownerDesignName>EFT</ownerDesignName>
<engineerTo>
<item key="59338A95-B528-DCF9-9E61-0C930A6BDE3C" value="true"/>
</engineerTo>
<useDomainConstraints>false</useDomainConstraints>
<use>1</use>
<logicalDatatype>LOGDT019</logicalDatatype>
<dataTypePrecision>4</dataTypePrecision>
<ownDataTypeParameters>,4,</ownDataTypeParameters>
</Attribute>
<Attribute name="id_comuna" id="A7D9589A-AB74-2401-B22A-BA7567B47972">
<createdBy>nicolas</createdBy>
<createdTime>2024-10-04 21:48:32 UTC</createdTime>
<generatorID>CAA77231-7693-2FED-8865-4CC38E3C8842</generatorID>
<ownerDesignName>EFT</ownerDesignName>
<engineerTo>
<item key="59338A95-B528-DCF9-9E61-0C930A6BDE3C" value="true"/>
</engineerTo>
<referedAttribute>D4BDBB99-FF9C-9F2D-2715-F7DC0F50807B</referedAttribute>
<useDomainConstraints>false</useDomainConstraints>
<use>1</use>
<logicalDatatype>LOGDT025</logicalDatatype>
<dataTypeSize>5 BYTE</dataTypeSize>
<ownDataTypeParameters>,,</ownDataTypeParameters>
</Attribute>
<Attribute name="id_director" id="11D3C5B7-B872-5397-D02B-6B7440606791">
<createdBy>nicolas</createdBy>
<createdTime>2024-10-05 03:05:01 UTC</createdTime>
<generatorID>42399874-CA76-6477-4DC9-5131270FE98F</generatorID>
<ownerDesignName>EFT</ownerDesignName>
<engineerTo>
<item key="59338A95-B528-DCF9-9E61-0C930A6BDE3C" value="true"/>
</engineerTo>
<referedAttribute>1FAEBDFE-CCDA-732A-75BB-ED8B40C56ECC</referedAttribute>
<useDomainConstraints>false</useDomainConstraints>
<use>1</use>
<logicalDatatype>LOGDT025</logicalDatatype>
<dataTypeSize>5 BYTE</dataTypeSize>
<ownDataTypeParameters>,,</ownDataTypeParameters>
</Attribute>
</attributes>
<identifiers itemClass="oracle.dbtools.crest.model.design.logical.CandidateKey">
<identifier id="6E2F03C1-AACD-4516-47EF-F3E5028360BF" name="ACADEMIA PK">
<createdBy>nicolas</createdBy>
<createdTime>2024-10-03 22:36:48 UTC</createdTime>
<ownerDesignName>EFT</ownerDesignName>
<engineerTo>
<item key="59338A95-B528-DCF9-9E61-0C930A6BDE3C" value="true"/>
</engineerTo>
<pk>true</pk>
<usedAttributes>
<attributeRef>A7F60CE3-BB3F-0ACE-1D3F-65E7ABAC2757</attributeRef>
</usedAttributes>
</identifier>
<identifier id="89B66620-F28F-B580-6BAB-E7BE9EB3926B" name="ACADEMIA UK">
<createdBy>nicolas</createdBy>
<createdTime>2024-10-03 23:01:40 UTC</createdTime>
<ownerDesignName>EFT</ownerDesignName>
<engineerTo>
<item key="59338A95-B528-DCF9-9E61-0C930A6BDE3C" value="true"/>
</engineerTo>
<newElementsIDs>DCAEBFC9-0EFD-A0F3-F02C-1A8110CCAC23</newElementsIDs>
<usedAttributes>
<attributeRef>DCAEBFC9-0EFD-A0F3-F02C-1A8110CCAC23</attributeRef>
</usedAttributes>
</identifier>
</identifiers>
</Entity>