<?xml version = '1.0' encoding = 'UTF-8'?>
<Entity class="oracle.dbtools.crest.model.design.logical.Entity" directorySegmentName="seg_0" id="B1791741-F5B2-AEFE-154E-4532F2622D5C" name="PROF_PLANTA">
<createdBy>nicolas</createdBy>
<createdTime>2024-10-03 22:39:36 UTC</createdTime>
<ownerDesignName>EFT</ownerDesignName>
<engineerTo>
<item key="59338A95-B528-DCF9-9E61-0C930A6BDE3C" value="true"/>
</engineerTo>
<adequatelyNormalized>NO</adequatelyNormalized>
<expectedVolumes>0</expectedVolumes>
<fwdEngineeringStrategyName>Single Table</fwdEngineeringStrategyName>
<growthPercent>0</growthPercent>
<growthType>Year</growthType>
<hierarchicalParent>C0C49305-DB50-81E8-4F7F-1260D68EBE88</hierarchicalParent>
<maxVolumes>9999999</maxVolumes>
<minVolumes>0</minVolumes>
<normalForm>Third</normalForm>
<attributes itemClass="oracle.dbtools.crest.model.design.logical.Attribute">
<Attribute name="sueldo_base" id="E7EE9B9E-164A-8151-1322-D40F4605D4D0">
<createdBy>nicolas</createdBy>
<createdTime>2024-10-04 01:35:01 UTC</createdTime>
<ownerDesignName>EFT</ownerDesignName>
<engineerTo>
<item key="59338A95-B528-DCF9-9E61-0C930A6BDE3C" value="true"/>
</engineerTo>
<useDomainConstraints>false</useDomainConstraints>
<use>1</use>
<logicalDatatype>LOGDT019</logicalDatatype>
<dataTypePrecision>6</dataTypePrecision>
<ownDataTypeParameters>,6,</ownDataTypeParameters>
</Attribute>
<Attribute name="dias_vacaciones" id="084B3634-7E9A-7D61-34C1-9173293D323F">
<createdBy>nicolas</createdBy>
<createdTime>2024-10-04 01:36:43 UTC</createdTime>
<ownerDesignName>EFT</ownerDesignName>
<engineerTo>
<item key="59338A95-B528-DCF9-9E61-0C930A6BDE3C" value="true"/>
</engineerTo>
<useDomainConstraints>false</useDomainConstraints>
<use>1</use>
<logicalDatatype>LOGDT019</logicalDatatype>
<dataTypePrecision>2</dataTypePrecision>
<ownDataTypeParameters>,2,</ownDataTypeParameters>
</Attribute>
</attributes>
</Entity>