<?xml version = '1.0' encoding = 'UTF-8'?>
<Entity class="oracle.dbtools.crest.model.design.logical.Entity" directorySegmentName="seg_0" id="CBBB3E88-B83B-DFCD-8C91-70D28C08FA8C" name="ESPACIO">
<createdBy>nicolas</createdBy>
<createdTime>2024-10-03 22:51:05 UTC</createdTime>
<ownerDesignName>EFT</ownerDesignName>
<engineerTo>
<item key="59338A95-B528-DCF9-9E61-0C930A6BDE3C" value="true"/>
</engineerTo>
<adequatelyNormalized>NO</adequatelyNormalized>
<expectedVolumes>0</expectedVolumes>
<fwdEngineeringStrategyName>Single Table</fwdEngineeringStrategyName>
<growthPercent>0</growthPercent>
<growthType>Year</growthType>
<maxVolumes>9999999</maxVolumes>
<minVolumes>0</minVolumes>
<normalForm>Third</normalForm>
<attributes itemClass="oracle.dbtools.crest.model.design.logical.Attribute">
<Attribute name="id_espacio" id="E42F4F17-A836-67F2-B5CA-C5AD45A6A673">
<createdBy>nicolas</createdBy>
<createdTime>2024-10-03 22:51:42 UTC</createdTime>
<ownerDesignName>EFT</ownerDesignName>
<engineerTo>
<item key="59338A95-B528-DCF9-9E61-0C930A6BDE3C" value="true"/>
</engineerTo>
<useDomainConstraints>false</useDomainConstraints>
<use>1</use>
<logicalDatatype>LOGDT025</logicalDatatype>
<dataTypeSize>5 BYTE</dataTypeSize>
<ownDataTypeParameters>5 BYTE,,</ownDataTypeParameters>
</Attribute>
<Attribute name="id_muni" id="26BD0B08-E95E-05C4-C360-77DC0C935046">
<createdBy>nicolas</createdBy>
<createdTime>2024-10-04 01:42:24 UTC</createdTime>
<generatorID>E6A514C7-06D7-00D3-F8F4-38CB6D0CFC5C</generatorID>
<ownerDesignName>EFT</ownerDesignName>
<engineerTo>
<item key="59338A95-B528-DCF9-9E61-0C930A6BDE3C" value="true"/>
</engineerTo>
<referedAttribute>A496378C-0B20-5939-5344-540277D5B5F7</referedAttribute>
<useDomainConstraints>false</useDomainConstraints>
<use>1</use>
<logicalDatatype>LOGDT025</logicalDatatype>
<dataTypeSize>5 BYTE</dataTypeSize>
<ownDataTypeParameters>,,</ownDataTypeParameters>
</Attribute>
<Attribute name="nombre" id="1881D11C-4EBD-7EB6-0E3C-E602C437247B">
<createdBy>nicolas</createdBy>
<createdTime>2024-10-04 21:51:06 UTC</createdTime>
<ownerDesignName>EFT</ownerDesignName>
<engineerTo>
<item key="59338A95-B528-DCF9-9E61-0C930A6BDE3C" value="true"/>
</engineerTo>
<useDomainConstraints>false</useDomainConstraints>
<use>1</use>
<logicalDatatype>LOGDT024</logicalDatatype>
<dataTypeSize>25 BYTE</dataTypeSize>
<ownDataTypeParameters>25 BYTE,,</ownDataTypeParameters>
</Attribute>
</attributes>
<identifiers itemClass="oracle.dbtools.crest.model.design.logical.CandidateKey">
<identifier id="E110E266-4B42-827A-ED71-182A88E3295C" name="SECTOR PK">
<createdBy>nicolas</createdBy>
<createdTime>2024-10-03 22:51:48 UTC</createdTime>
<ownerDesignName>EFT</ownerDesignName>
<engineerTo>
<item key="59338A95-B528-DCF9-9E61-0C930A6BDE3C" value="true"/>
</engineerTo>
<pk>true</pk>
<usedAttributes>
<attributeRef>E42F4F17-A836-67F2-B5CA-C5AD45A6A673</attributeRef>
</usedAttributes>
</identifier>
</identifiers>
</Entity>