<?xml version = '1.0' encoding = 'UTF-8'?>
<Entity class="oracle.dbtools.crest.model.design.logical.Entity" directorySegmentName="seg_0" id="CD35FAC8-CE8B-7E0C-A871-89B1FA25BDB0" name="CURSO">
<createdBy>nicolas</createdBy>
<createdTime>2024-10-03 22:37:58 UTC</createdTime>
<ownerDesignName>EFT</ownerDesignName>
<engineerTo>
<item key="59338A95-B528-DCF9-9E61-0C930A6BDE3C" value="true"/>
</engineerTo>
<adequatelyNormalized>NO</adequatelyNormalized>
<expectedVolumes>0</expectedVolumes>
<fwdEngineeringStrategyName>Single Table</fwdEngineeringStrategyName>
<growthPercent>0</growthPercent>
<growthType>Year</growthType>
<maxVolumes>9999999</maxVolumes>
<minVolumes>0</minVolumes>
<normalForm>Third</normalForm>
<attributes itemClass="oracle.dbtools.crest.model.design.logical.Attribute">
<Attribute name="id_curso" id="A5DA5DAB-732A-9B11-44E2-5BB26CF226A4">
<createdBy>nicolas</createdBy>
<createdTime>2024-10-03 22:38:05 UTC</createdTime>
<ownerDesignName>EFT</ownerDesignName>
<engineerTo>
<item key="59338A95-B528-DCF9-9E61-0C930A6BDE3C" value="true"/>
</engineerTo>
<useDomainConstraints>false</useDomainConstraints>
<use>1</use>
<logicalDatatype>LOGDT025</logicalDatatype>
<dataTypeSize>5 BYTE</dataTypeSize>
<ownDataTypeParameters>5 BYTE,,</ownDataTypeParameters>
</Attribute>
<Attribute name="nombre" id="911E7C56-52D3-21EC-9D58-BEBF9F8B3ED8">
<createdBy>nicolas</createdBy>
<createdTime>2024-10-03 23:43:12 UTC</createdTime>
<ownerDesignName>EFT</ownerDesignName>
<engineerTo>
<item key="59338A95-B528-DCF9-9E61-0C930A6BDE3C" value="true"/>
</engineerTo>
<useDomainConstraints>false</useDomainConstraints>
<use>1</use>
<logicalDatatype>LOGDT024</logicalDatatype>
<dataTypeSize>25 BYTE</dataTypeSize>
<ownDataTypeParameters>25 BYTE,,</ownDataTypeParameters>
</Attribute>
<Attribute name="duracion_hrs" id="DDB439AC-B8A4-1D10-19F6-FD71B92A17C3">
<createdBy>nicolas</createdBy>
<createdTime>2024-10-03 23:43:48 UTC</createdTime>
<ownerDesignName>EFT</ownerDesignName>
<engineerTo>
<item key="59338A95-B528-DCF9-9E61-0C930A6BDE3C" value="true"/>
</engineerTo>
<useDomainConstraints>false</useDomainConstraints>
<use>1</use>
<logicalDatatype>LOGDT019</logicalDatatype>
<dataTypePrecision>3</dataTypePrecision>
<dataTypeScale>2</dataTypeScale>
<ownDataTypeParameters>,3,2</ownDataTypeParameters>
</Attribute>
<Attribute name="id_academia" id="32EDA192-C071-4574-F0BA-E22A6F2043AB">
<createdBy>nicolas</createdBy>
<createdTime>2024-10-04 23:08:20 UTC</createdTime>
<generatorID>CA7349AD-6D4F-7F6F-764E-19346EA6AA2A</generatorID>
<ownerDesignName>EFT</ownerDesignName>
<engineerTo>
<item key="59338A95-B528-DCF9-9E61-0C930A6BDE3C" value="true"/>
</engineerTo>
<referedAttribute>A7F60CE3-BB3F-0ACE-1D3F-65E7ABAC2757</referedAttribute>
<useDomainConstraints>false</useDomainConstraints>
<use>1</use>
<logicalDatatype>LOGDT025</logicalDatatype>
<dataTypeSize>5 BYTE</dataTypeSize>
<ownDataTypeParameters>,,</ownDataTypeParameters>
</Attribute>
<Attribute name="id_profesor" id="F5BBED79-CC6F-5E11-4DFD-28D926954904">
<createdBy>nicolas</createdBy>
<createdTime>2024-10-05 01:01:05 UTC</createdTime>
<generatorID>869779BC-152C-81F6-B1E3-AB8276750420</generatorID>
<ownerDesignName>EFT</ownerDesignName>
<engineerTo>
<item key="59338A95-B528-DCF9-9E61-0C930A6BDE3C" value="true"/>
</engineerTo>
<referedAttribute>72AEAE5E-3DAC-0D61-86B7-DA416535D543</referedAttribute>
<useDomainConstraints>false</useDomainConstraints>
<use>1</use>
<logicalDatatype>LOGDT025</logicalDatatype>
<dataTypeSize>5 BYTE</dataTypeSize>
<ownDataTypeParameters>,,</ownDataTypeParameters>
</Attribute>
<Attribute name="cupo" id="5D4F8462-631F-9D75-6DF6-C312BAC91DDE">
<createdBy>nicolas</createdBy>
<createdTime>2024-10-05 02:04:55 UTC</createdTime>
<ownerDesignName>EFT</ownerDesignName>
<engineerTo>
<item key="59338A95-B528-DCF9-9E61-0C930A6BDE3C" value="true"/>
</engineerTo>
<useDomainConstraints>false</useDomainConstraints>
<use>1</use>
<logicalDatatype>LOGDT019</logicalDatatype>
<dataTypePrecision>2</dataTypePrecision>
<ownDataTypeParameters>,2,</ownDataTypeParameters>
</Attribute>
<Attribute name="id_espacio" id="16ECCD13-4A05-144D-5B56-3A6FC306488B">
<createdBy>nicolas</createdBy>
<createdTime>2024-10-05 02:15:58 UTC</createdTime>
<generatorID>60C0A833-F090-BBE4-3D6C-1DA78EB4EFB8</generatorID>
<ownerDesignName>EFT</ownerDesignName>
<engineerTo>
<item key="59338A95-B528-DCF9-9E61-0C930A6BDE3C" value="true"/>
</engineerTo>
<referedAttribute>E42F4F17-A836-67F2-B5CA-C5AD45A6A673</referedAttribute>
<useDomainConstraints>false</useDomainConstraints>
<use>1</use>
<logicalDatatype>LOGDT025</logicalDatatype>
<dataTypeSize>5 BYTE</dataTypeSize>
<ownDataTypeParameters>,,</ownDataTypeParameters>
</Attribute>
</attributes>
<identifiers itemClass="oracle.dbtools.crest.model.design.logical.CandidateKey">
<identifier id="4F99B01A-F535-6DD4-20C9-69688C772BDC" name="CURSO PK">
<createdBy>nicolas</createdBy>
<createdTime>2024-10-03 22:38:16 UTC</createdTime>
<ownerDesignName>EFT</ownerDesignName>
<engineerTo>
<item key="59338A95-B528-DCF9-9E61-0C930A6BDE3C" value="true"/>
</engineerTo>
<pk>true</pk>
<newElementsIDs>A5DA5DAB-732A-9B11-44E2-5BB26CF226A4</newElementsIDs>
<usedAttributes>
<attributeRef>A5DA5DAB-732A-9B11-44E2-5BB26CF226A4</attributeRef>
</usedAttributes>
</identifier>
</identifiers>
</Entity>