<?xml version = '1.0' encoding = 'UTF-8'?>
<Entity class="oracle.dbtools.crest.model.design.logical.Entity" directorySegmentName="seg_0" id="DD3A44C3-3049-8B33-13BB-0D583026A1B6" name="COMUNA">
<createdBy>nicolas</createdBy>
<createdTime>2024-10-03 22:38:36 UTC</createdTime>
<ownerDesignName>EFT</ownerDesignName>
<engineerTo>
<item key="59338A95-B528-DCF9-9E61-0C930A6BDE3C" value="true"/>
</engineerTo>
<adequatelyNormalized>NO</adequatelyNormalized>
<expectedVolumes>0</expectedVolumes>
<fwdEngineeringStrategyName>Single Table</fwdEngineeringStrategyName>
<growthPercent>0</growthPercent>
<growthType>Year</growthType>
<maxVolumes>9999999</maxVolumes>
<minVolumes>0</minVolumes>
<normalForm>Third</normalForm>
<attributes itemClass="oracle.dbtools.crest.model.design.logical.Attribute">
<Attribute name="id_comuna" id="D4BDBB99-FF9C-9F2D-2715-F7DC0F50807B">
<createdBy>nicolas</createdBy>
<createdTime>2024-10-03 22:38:42 UTC</createdTime>
<ownerDesignName>EFT</ownerDesignName>
<engineerTo>
<item key="59338A95-B528-DCF9-9E61-0C930A6BDE3C" value="true"/>
</engineerTo>
<useDomainConstraints>false</useDomainConstraints>
<use>1</use>
<logicalDatatype>LOGDT025</logicalDatatype>
<dataTypeSize>5 BYTE</dataTypeSize>
<ownDataTypeParameters>5 BYTE,,</ownDataTypeParameters>
</Attribute>
<Attribute name="nombre" id="10ABE021-14FE-3DA5-C1D8-F9C646035E02">
<createdBy>nicolas</createdBy>
<createdTime>2024-10-04 01:58:30 UTC</createdTime>
<ownerDesignName>EFT</ownerDesignName>
<engineerTo>
<item key="59338A95-B528-DCF9-9E61-0C930A6BDE3C" value="true"/>
</engineerTo>
<useDomainConstraints>false</useDomainConstraints>
<use>1</use>
<logicalDatatype>LOGDT024</logicalDatatype>
<dataTypeSize>25 BYTE</dataTypeSize>
<ownDataTypeParameters>25 BYTE,,</ownDataTypeParameters>
</Attribute>
<Attribute name="id_region" id="336B8181-40C9-0E4B-E213-D3950665A7D6">
<createdBy>nicolas</createdBy>
<createdTime>2024-10-04 23:58:04 UTC</createdTime>
<generatorID>A69F81CA-6BE0-A4B6-8D6E-E3051451FC5D</generatorID>
<ownerDesignName>EFT</ownerDesignName>
<engineerTo>
<item key="59338A95-B528-DCF9-9E61-0C930A6BDE3C" value="true"/>
</engineerTo>
<referedAttribute>74C1AA26-26D0-370E-7DD8-84F5F0F9A9B6</referedAttribute>
<useDomainConstraints>false</useDomainConstraints>
<use>1</use>
<logicalDatatype>LOGDT025</logicalDatatype>
<dataTypeSize>5 BYTE</dataTypeSize>
<ownDataTypeParameters>,,</ownDataTypeParameters>
</Attribute>
<Attribute name="id_muni" id="65C52990-432E-2DF9-32FD-5494987DDCFD">
<createdBy>nicolas</createdBy>
<createdTime>2024-10-05 00:24:57 UTC</createdTime>
<generatorID>2FD42EF4-6D5F-2A65-4D71-8842DE48F09E</generatorID>
<ownerDesignName>EFT</ownerDesignName>
<engineerTo>
<item key="59338A95-B528-DCF9-9E61-0C930A6BDE3C" value="true"/>
</engineerTo>
<referedAttribute>A496378C-0B20-5939-5344-540277D5B5F7</referedAttribute>
<useDomainConstraints>false</useDomainConstraints>
<use>1</use>
<logicalDatatype>LOGDT025</logicalDatatype>
<dataTypeSize>5 BYTE</dataTypeSize>
<ownDataTypeParameters>,,</ownDataTypeParameters>
</Attribute>
</attributes>
<identifiers itemClass="oracle.dbtools.crest.model.design.logical.CandidateKey">
<identifier id="C3733307-5555-494A-5064-330CDFDB1DA7" name="COMUNA PK">
<createdBy>nicolas</createdBy>
<createdTime>2024-10-03 22:38:49 UTC</createdTime>
<ownerDesignName>EFT</ownerDesignName>
<engineerTo>
<item key="59338A95-B528-DCF9-9E61-0C930A6BDE3C" value="true"/>
</engineerTo>
<pk>true</pk>
<newElementsIDs>D4BDBB99-FF9C-9F2D-2715-F7DC0F50807B</newElementsIDs>
<usedAttributes>
<attributeRef>D4BDBB99-FF9C-9F2D-2715-F7DC0F50807B</attributeRef>
</usedAttributes>
</identifier>
</identifiers>
</Entity>