<?xml version = '1.0' encoding = 'UTF-8'?>
<Diagram class="oracle.dbtools.crest.swingui.relational.DPVRelational" name="Relational_1" id="C8CCF05C-B8DD-EFFD-77D7-8B50C9EC0DE8">
<createdBy>nicolas</createdBy>
<modifiedBy>nicolas</modifiedBy>
<createdTime>2024-10-04 01:19:46 UTC</createdTime>
<autoRoute>false</autoRoute>
<boxInbox>true</boxInbox>
<showLegend>false</showLegend>
<showLabels>false</showLabels>
<showRelAttributes>false</showRelAttributes>
<gridEnabled>false</gridEnabled>
<showGrid>false</showGrid>
<diagramColor>-1</diagramColor>
<display>false</display>
<notation>1</notation>
<objectViews>
<OView class="oracle.dbtools.crest.swingui.relational.TVTable" oid="05FC8A34-0CB5-4596-0463-4B0CCCCEBC4B" otype="Table" vid="FE66C2EB-B7D4-4F92-8A84-3B1561EDA934">
<hideElementsInCurrentOnly>false</hideElementsInCurrentOnly>
<bounds x="2236" y="674" width="310" height="148"/>
</OView>
<OView class="oracle.dbtools.crest.swingui.relational.TVTable" oid="08CAED53-A4E7-5125-96B4-CA609E81AFB4" otype="Table" vid="8FCBBB4B-E3FC-E66A-0E43-CA16EF7B3D03">
<hideElementsInCurrentOnly>false</hideElementsInCurrentOnly>
<bounds x="1769" y="1013" width="248" height="97"/>
</OView>
<OView class="oracle.dbtools.crest.swingui.relational.TVTable" oid="2535A3A5-31AE-1181-8D73-57C6BA6D897C" otype="Table" vid="3F8E54DE-75E8-9006-D339-12B3F5D2C926">
<hideElementsInCurrentOnly>false</hideElementsInCurrentOnly>
<bounds x="57" y="744" width="270" height="128"/>
</OView>
<OView class="oracle.dbtools.crest.swingui.relational.TVTable" oid="364717DB-D276-55C3-5DC8-7A5096162132" otype="Table" vid="EC49AF47-DC69-A3A8-E4D6-E5F38559EEB2">
<hideElementsInCurrentOnly>false</hideElementsInCurrentOnly>
<bounds x="825" y="250" width="197" height="94"/>
</OView>
<OView class="oracle.dbtools.crest.swingui.relational.TVTable" oid="3C0CBADB-CB3E-A140-F486-7CCDFC10B5A6" otype="Table" vid="C8348196-E855-566B-8F61-75DF40564582">
<hideElementsInCurrentOnly>false</hideElementsInCurrentOnly>
<bounds x="1222" y="1000" width="350" height="142"/>
</OView>
<OView class="oracle.dbtools.crest.swingui.relational.TVTable" oid="5DF69136-5E83-7B98-BA3F-3BAC1FD482C1" otype="Table" vid="681BEBAE-D48B-EB84-CEFA-A57B56F1BF93">
<hideElementsInCurrentOnly>false</hideElementsInCurrentOnly>
<bounds x="467" y="720" width="277" height="180"/>
</OView>
<OView class="oracle.dbtools.crest.swingui.relational.TVTable" oid="655EB6EA-0C89-ADA6-3C50-8FB7E6C90BB1" otype="Table" vid="089D022C-E11D-45D0-385A-C683A1B03556">
<hideElementsInCurrentOnly>false</hideElementsInCurrentOnly>
<bounds x="1244" y="289" width="284" height="187"/>
</OView>
<OView class="oracle.dbtools.crest.swingui.relational.TVTable" oid="843FBEFA-2D3E-92D2-0FAC-F04F26BEC5EA" otype="Table" vid="006180BE-CE92-9590-EEEE-A9922344EBA7">
<hideElementsInCurrentOnly>false</hideElementsInCurrentOnly>
<bounds x="2728" y="707" width="204" height="71"/>
</OView>
<OView class="oracle.dbtools.crest.swingui.relational.TVTable" oid="8E045596-7094-0103-1AE5-8731D3BB03F6" otype="Table" vid="92968A98-DC7A-CD20-A79F-7E180498E6E6">
<hideElementsInCurrentOnly>false</hideElementsInCurrentOnly>
<bounds x="1799" y="1202" width="238" height="103"/>
</OView>
<OView class="oracle.dbtools.crest.swingui.relational.TVTable" oid="8E6D9795-970F-1807-CB4D-2116A3AC1FC2" otype="Table" vid="BFE215BD-6849-7260-1715-D89A8CB00257">
<hideElementsInCurrentOnly>false</hideElementsInCurrentOnly>
<bounds x="1250" y="613" width="271" height="252"/>
</OView>
<OView class="oracle.dbtools.crest.swingui.relational.TVTable" oid="9459D6E7-6023-0960-2742-71FBAE658C52" otype="Table" vid="D84A2051-362C-E902-9061-67F3AD91174D">
<hideElementsInCurrentOnly>false</hideElementsInCurrentOnly>
<bounds x="1156" y="1255" width="448" height="169"/>
</OView>
<OView class="oracle.dbtools.crest.swingui.relational.TVTable" oid="A016B2ED-9155-F767-1270-F1559A07FC3E" otype="Table" vid="3B26D500-600B-4F52-CC92-65B2D5885357">
<hideElementsInCurrentOnly>false</hideElementsInCurrentOnly>
<bounds x="104" y="1059" width="177" height="70"/>
</OView>
<OView class="oracle.dbtools.crest.swingui.relational.TVTable" oid="A0E8BDED-5EE1-008B-88AA-822C64538193" otype="Table" vid="808FD8A6-BA68-C32E-EF8B-C910F68647C9">
<hideElementsInCurrentOnly>false</hideElementsInCurrentOnly>
<bounds x="1248" y="82" width="306" height="103"/>
</OView>
<OView class="oracle.dbtools.crest.swingui.relational.TVTable" oid="C3C5D172-CF02-D3D7-6E35-C6DECF0EBBC8" otype="Table" vid="B4E3D9D4-6E57-F62E-D70A-EBB2C0412754">
<hideElementsInCurrentOnly>false</hideElementsInCurrentOnly>
<bounds x="1692" y="672" width="377" height="129"/>
</OView>
<OView class="oracle.dbtools.crest.swingui.relational.TVTable" oid="CCD3CE38-F6C3-A1C2-258F-2C3F7B7E211E" otype="Table" vid="3C205BA0-5E84-3CB6-2F08-69E9BAADFFB9">
<hideElementsInCurrentOnly>false</hideElementsInCurrentOnly>
<bounds x="1773" y="1405" width="260" height="103"/>
</OView>
<OView class="oracle.dbtools.crest.swingui.relational.TVTable" oid="E609E620-3CF0-F92E-80A3-6EE68D796577" otype="Table" vid="E725FB25-6CF1-BF21-997C-AB95A7AB2EB5">
<hideElementsInCurrentOnly>false</hideElementsInCurrentOnly>
<bounds x="790" y="456" width="277" height="161"/>
</OView>
<OView class="oracle.dbtools.crest.swingui.relational.TVTable" oid="FDC6773F-30C4-7A28-6229-D53BF3F0D317" otype="Table" vid="B6D71F11-CEB4-5BB8-E529-BE4BC9FAA454">
<hideElementsInCurrentOnly>false</hideElementsInCurrentOnly>
<bounds x="2227" y="358" width="291" height="122"/>
</OView>
</objectViews>
<connectors>
<Connector class="oracle.dbtools.crest.swingui.relational.TVFKRelation" oid="0BF65297-335D-7461-A2E2-59E4D04D81EA" otype="FKIndexAssociation" vid_source="808FD8A6-BA68-C32E-EF8B-C910F68647C9" vid_target="681BEBAE-D48B-EB84-CEFA-A57B56F1BF93">
<hideElementsInCurrentOnly>false</hideElementsInCurrentOnly>
<backgroundColor>-16777216</backgroundColor>
<lineWidth>1</lineWidth>
<points>
<point x="1248" y="134"/>
<point x="611" y="134"/>
<point x="611" y="720"/>
</points>
</Connector>
<Connector class="oracle.dbtools.crest.swingui.relational.TVFKRelation" oid="0CCF36F1-79F7-CBE0-1AE9-BEE50203F2FC" otype="FKIndexAssociation" vid_source="BFE215BD-6849-7260-1715-D89A8CB00257" vid_target="E725FB25-6CF1-BF21-997C-AB95A7AB2EB5">
<hideElementsInCurrentOnly>false</hideElementsInCurrentOnly>
<backgroundColor>-16777216</backgroundColor>
<lineWidth>1</lineWidth>
<points>
<point x="1250" y="718"/>
<point x="929" y="718"/>
<point x="930" y="622"/>
<point x="930" y="617"/>
</points>
</Connector>
<Connector class="oracle.dbtools.crest.swingui.relational.TVFKRelation" oid="17AF3D1B-8EF1-6AB2-89BE-41E8D4907D27" otype="FKIndexAssociation" vid_source="8FCBBB4B-E3FC-E66A-0E43-CA16EF7B3D03" vid_target="B4E3D9D4-6E57-F62E-D70A-EBB2C0412754">
<hideElementsInCurrentOnly>false</hideElementsInCurrentOnly>
<backgroundColor>-16777216</backgroundColor>
<lineWidth>1</lineWidth>
<points>
<point x="1893" y="1013"/>
<point x="1893" y="801"/>
</points>
</Connector>
<Connector class="oracle.dbtools.crest.swingui.relational.TVFKRelation" oid="23A3BD3B-452C-316B-365F-FF760A7A3BF2" otype="FKIndexAssociation" vid_source="BFE215BD-6849-7260-1715-D89A8CB00257" vid_target="B4E3D9D4-6E57-F62E-D70A-EBB2C0412754">
<hideElementsInCurrentOnly>false</hideElementsInCurrentOnly>
<backgroundColor>-16777216</backgroundColor>
<lineWidth>1</lineWidth>
<points>
<point x="1521" y="736"/>
<point x="1692" y="736"/>
</points>
</Connector>
<Connector class="oracle.dbtools.crest.swingui.relational.TVFKRelation" oid="3846CAB6-616A-04CC-4E65-6024EB096ECC" otype="FKIndexAssociation" vid_source="D84A2051-362C-E902-9061-67F3AD91174D" vid_target="92968A98-DC7A-CD20-A79F-7E180498E6E6">
<hideElementsInCurrentOnly>false</hideElementsInCurrentOnly>
<backgroundColor>-16777216</backgroundColor>
<lineWidth>1</lineWidth>
<points>
<point x="1604" y="1280"/>
<point x="1799" y="1280"/>
</points>
</Connector>
<Connector class="oracle.dbtools.crest.swingui.relational.TVFKRelation" oid="4055E2AD-DBC9-262F-F580-A07733457D28" otype="FKIndexAssociation" vid_source="089D022C-E11D-45D0-385A-C683A1B03556" vid_target="BFE215BD-6849-7260-1715-D89A8CB00257">
<hideElementsInCurrentOnly>false</hideElementsInCurrentOnly>
<backgroundColor>-16777216</backgroundColor>
<lineWidth>1</lineWidth>
<points>
<point x="1385" y="476"/>
<point x="1385" y="613"/>
</points>
</Connector>
<Connector class="oracle.dbtools.crest.swingui.relational.TVFKRelation" oid="616F467F-96EC-3027-15BC-515673CDC5D0" otype="FKIndexAssociation" vid_source="D84A2051-362C-E902-9061-67F3AD91174D" vid_target="C8348196-E855-566B-8F61-75DF40564582">
<hideElementsInCurrentOnly>false</hideElementsInCurrentOnly>
<backgroundColor>-16777216</backgroundColor>
<lineWidth>1</lineWidth>
<points>
<point x="1397" y="1255"/>
<point x="1397" y="1142"/>
</points>
</Connector>
<Connector class="oracle.dbtools.crest.swingui.relational.TVFKRelation" oid="7220ADCB-FF28-8728-1E4B-E59E00F16471" otype="FKIndexAssociation" vid_source="D84A2051-362C-E902-9061-67F3AD91174D" vid_target="3C205BA0-5E84-3CB6-2F08-69E9BAADFFB9">
<hideElementsInCurrentOnly>false</hideElementsInCurrentOnly>
<backgroundColor>-16777216</backgroundColor>
<lineWidth>1</lineWidth>
<points>
<point x="1604" y="1414"/>
<point x="1773" y="1414"/>
</points>
</Connector>
<Connector class="oracle.dbtools.crest.swingui.relational.TVFKRelation" oid="7E9B74F0-6B38-3C8D-7119-FED2C76E9CAE" otype="FKIndexAssociation" vid_source="BFE215BD-6849-7260-1715-D89A8CB00257" vid_target="C8348196-E855-566B-8F61-75DF40564582">
<hideElementsInCurrentOnly>false</hideElementsInCurrentOnly>
<backgroundColor>-16777216</backgroundColor>
<lineWidth>1</lineWidth>
<points>
<point x="1385" y="865"/>
<point x="1385" y="1000"/>
</points>
</Connector>
<Connector class="oracle.dbtools.crest.swingui.relational.TVFKRelation" oid="7F0CAA67-2BFC-589A-5C10-4FA106A9EA6B" otype="FKIndexAssociation" vid_source="FE66C2EB-B7D4-4F92-8A84-3B1561EDA934" vid_target="BFE215BD-6849-7260-1715-D89A8CB00257">
<hideElementsInCurrentOnly>false</hideElementsInCurrentOnly>
<backgroundColor>-16777216</backgroundColor>
<lineWidth>1</lineWidth>
<points>
<point x="2236" y="748"/>
<point x="1521" y="748"/>
</points>
</Connector>
<Connector class="oracle.dbtools.crest.swingui.relational.TVFKRelation" oid="8514A820-849A-2DC0-502A-45163D63B9AD" otype="FKIndexAssociation" vid_source="D84A2051-362C-E902-9061-67F3AD91174D" vid_target="681BEBAE-D48B-EB84-CEFA-A57B56F1BF93">
<hideElementsInCurrentOnly>false</hideElementsInCurrentOnly>
<backgroundColor>-16777216</backgroundColor>
<lineWidth>1</lineWidth>
<points>
<point x="1156" y="1331"/>
<point x="609" y="1331"/>
<point x="609" y="900"/>
</points>
</Connector>
<Connector class="oracle.dbtools.crest.swingui.relational.TVFKRelation" oid="9E9FB883-4730-5F06-58FA-118DA374E8C0" otype="FKIndexAssociation" vid_source="681BEBAE-D48B-EB84-CEFA-A57B56F1BF93" vid_target="3F8E54DE-75E8-9006-D339-12B3F5D2C926">
<hideElementsInCurrentOnly>false</hideElementsInCurrentOnly>
<backgroundColor>-16777216</backgroundColor>
<lineWidth>1</lineWidth>
<points>
<point x="467" y="808"/>
<point x="327" y="808"/>
</points>
</Connector>
<Connector class="oracle.dbtools.crest.swingui.relational.TVFKRelation" oid="A165926D-D132-C74E-7A7D-E039F34AE83D" otype="FKIndexAssociation" vid_source="BFE215BD-6849-7260-1715-D89A8CB00257" vid_target="089D022C-E11D-45D0-385A-C683A1B03556">
<hideElementsInCurrentOnly>false</hideElementsInCurrentOnly>
<backgroundColor>-16777216</backgroundColor>
<lineWidth>1</lineWidth>
<points>
<point x="1400" y="613"/>
<point x="1400" y="476"/>
</points>
</Connector>
<Connector class="oracle.dbtools.crest.swingui.relational.TVFKRelation" oid="AA1C7E15-F8A5-CBC6-0764-DD6D9015FE05" otype="FKIndexAssociation" vid_source="B6D71F11-CEB4-5BB8-E529-BE4BC9FAA454" vid_target="808FD8A6-BA68-C32E-EF8B-C910F68647C9">
<hideElementsInCurrentOnly>false</hideElementsInCurrentOnly>
<backgroundColor>-16777216</backgroundColor>
<lineWidth>1</lineWidth>
<points>
<point x="2406" y="358"/>
<point x="2406" y="143"/>
<point x="1554" y="143"/>
</points>
</Connector>
<Connector class="oracle.dbtools.crest.swingui.relational.TVFKRelation" oid="B53EB8AF-84C2-376F-2BFA-CA235DD7C665" otype="FKIndexAssociation" vid_source="B6D71F11-CEB4-5BB8-E529-BE4BC9FAA454" vid_target="FE66C2EB-B7D4-4F92-8A84-3B1561EDA934">
<hideElementsInCurrentOnly>false</hideElementsInCurrentOnly>
<backgroundColor>-16777216</backgroundColor>
<lineWidth>1</lineWidth>
<points>
<point x="2392" y="480"/>
<point x="2392" y="674"/>
</points>
</Connector>
<Connector class="oracle.dbtools.crest.swingui.relational.TVFKRelation" oid="BA59A5B5-F0CD-43A8-4FFC-DA1EA89D7F8E" otype="FKIndexAssociation" vid_source="3B26D500-600B-4F52-CC92-65B2D5885357" vid_target="3F8E54DE-75E8-9006-D339-12B3F5D2C926">
<hideElementsInCurrentOnly>false</hideElementsInCurrentOnly>
<backgroundColor>-16777216</backgroundColor>
<lineWidth>1</lineWidth>
<points>
<point x="192" y="1059"/>
<point x="192" y="872"/>
</points>
</Connector>
<Connector class="oracle.dbtools.crest.swingui.relational.TVFKRelation" oid="BE5F817B-1869-4B9D-793A-9D6BBF708546" otype="FKIndexAssociation" vid_source="FE66C2EB-B7D4-4F92-8A84-3B1561EDA934" vid_target="B6D71F11-CEB4-5BB8-E529-BE4BC9FAA454">
<hideElementsInCurrentOnly>false</hideElementsInCurrentOnly>
<backgroundColor>-16777216</backgroundColor>
<lineWidth>1</lineWidth>
<points>
<point x="2377" y="674"/>
<point x="2377" y="480"/>
</points>
</Connector>
<Connector class="oracle.dbtools.crest.swingui.relational.TVFKRelation" oid="C2895135-DD20-848D-2719-2A6C7309185D" otype="FKIndexAssociation" vid_source="BFE215BD-6849-7260-1715-D89A8CB00257" vid_target="681BEBAE-D48B-EB84-CEFA-A57B56F1BF93">
<hideElementsInCurrentOnly>false</hideElementsInCurrentOnly>
<backgroundColor>-16777216</backgroundColor>
<lineWidth>1</lineWidth>
<points>
<point x="1250" y="792"/>
<point x="744" y="792"/>
</points>
</Connector>
<Connector class="oracle.dbtools.crest.swingui.relational.TVFKRelation" oid="C4946A0D-7275-0FED-316A-39BD3B6D63B9" otype="FKIndexAssociation" vid_source="006180BE-CE92-9590-EEEE-A9922344EBA7" vid_target="FE66C2EB-B7D4-4F92-8A84-3B1561EDA934">
<hideElementsInCurrentOnly>false</hideElementsInCurrentOnly>
<backgroundColor>-16777216</backgroundColor>
<lineWidth>1</lineWidth>
<points>
<point x="2728" y="742"/>
<point x="2546" y="742"/>
</points>
</Connector>
<Connector class="oracle.dbtools.crest.swingui.relational.TVFKRelation" oid="C863EBE3-FBF2-FE85-82E2-F510FF26C004" otype="FKIndexAssociation" vid_source="EC49AF47-DC69-A3A8-E4D6-E5F38559EEB2" vid_target="E725FB25-6CF1-BF21-997C-AB95A7AB2EB5">
<hideElementsInCurrentOnly>false</hideElementsInCurrentOnly>
<backgroundColor>-16777216</backgroundColor>
<lineWidth>1</lineWidth>
<points>
<point x="923" y="344"/>
<point x="923" y="456"/>
</points>
</Connector>
</connectors>
<arcs>
<Arc class="oracle.dbtools.crest.swingui.relational.TVFKArc" oid="079BC636-0DEF-0E54-43C7-1E029DACFA87" otype="FKArc" vid="530EBCA7-EA3A-8413-9AF7-05873B699CB5">
<hideElementsInCurrentOnly>false</hideElementsInCurrentOnly>
<bounds x="1136" y="1235" width="488" height="209"/>
</Arc>
</arcs>
</Diagram>